domain,agency,score,status
maryland.gov,"State of Maryland",95,200
ngmdb.usgs.gov,"United States Geological Survey",78,200
ginniemae.gov,"Department of Housing and Urban Development",81,200
euusosh.org,"Department of Labor",62,200
ustraveldocs.com,"Department of State",78,200
igs.org,"National Aeronautics and Space Administration",73,200
friscotexas.gov,"City of Frisco, TX",75,200
highpointnc.gov,"City of High Point, NC",73,200
sanjoseca.gov,"City of San Jose, CA",,995
nationalguard.com,"U.S. National Guard",82,200
goldwaterscholarship.gov,"Barry Goldwater Scholarship and Excellence in Education Foundation",97,200
wlci.gov,"Department of the Interior",,995
acquisitiongateway.gov,"General Services Administration",76,200
iarpa.gov,"Director of National Intelligence",77,200
olatheks.gov,"City of Olathe, KS",,995
nassaubay.com,"City of Nassau Bay, TX",74,200
transportation.gov,"Department of Transportation",,995
abmc.gov,"American Battle Monuments Commission",,995
grants.gov,"Department of Health and Human Services",78,200
medicaid.gov,"Department of Health and Human Services",79,200
missouricitytx.gov,"City of Missouri, TX",69,200
cooperativepatentclassification.org,"U.S. Patent and Trademark Office",72,200
cityofvancouver.us,"City of Vancouver, WA",86,200
kentwa.gov,"City of Kent, WA",,995
epolicyworks.org,"Department of Labor",80,200
firstnet.gov,"Department of Commerce",87,200
montgomeryal.gov,"City of Montgomery, AL",,995
nmaahcstore.com,"Smithsonian Institution",,995
lowellma.gov,"City of Lowell, MA",71,200
eugene-or.gov,"City of Eugene, OR",75,200
beaumonttexas.gov,"City of Beaumont, TX",73,200
ftc.gov,"Federal Trade Commission",81,200
getsmartaboutdrugs.gov,"Department of Justice",,995
stgeorgela.gov,"City of Baton Rouge, LA",95,200
militaryconsumer.gov,"Federal Trade Commission",86,200
docsteach.org,"National Archives and Records Administration",87,200
gsafleet.gov,"General Services Administration",82,200
richmondca.gov,"City of Richmond, CA",71,200
fayetteville-ar.gov,"City of Fayetteville, AR",78,200
lasvegasnevada.gov,"City of Las Vegas, NV",67,200
newhavenct.gov,"City of New Haven, CT",,995
sbrc.gov,"Southwest Border Regional Commission",81,200
openpaymentsdata.cms.gov,"Department of Health and Human Services",87,200
cityoflaredo.com,"City of Laredo, TX",,995
peoriagov.org,"City of Peoria, IL",75,200
cookcountyil.gov,"Cook County, IL",95,200
hampton.gov,"City of Hampton, VA",68,200
gwinnettcounty.com,"County of Gwinnett, GA",89,200
waterdata.usgs.gov,"United States Geological Survey",85,200
g5.gov,"Department of Education",71,200
reproductivehealthservices.gov,"Department of Health and Human Services",77,200
arvadaco.gov,"City of Arvada, CO",77,200
acquisition.gov,"General Services Administration",78,200
census.gov,"Department of Commerce",86,200
smithsonianchannel.com,"Smithsonian Institution",85,200
gocoastguard.com,"U.S. Coast Guard",73,200
brla.gov,"City of Baton Rouge, LA",66,200
earthexplorer.usgs.gov,"United States Geological Survey",80,200
brokenarrowok.gov,"City of Broken Arrow, OK",,995
oaklandca.gov,"City of Oakland, CA",84,200
hillsboro-oregon.gov,"City of Hillsboro, OR",,995
data.medicaid.gov,"Department of Health and Human Services",94,200
bis.gov,"Department of Commerce",78,200
apps.nationalmap.gov,"United States Geological Survey",83,200
fultoncountyga.gov,"Fulton County, GA",78,200
cityoflancasterca.org,"City of Lancaster, CA",,995
neapmap.com,"Department of Labor",87,200
morganspoint-tx.com,"City of Morgan’s Point, TX",81,200
eastgrmi.gov,"City of Grand Rapids, MI",74,200
capnhq.gov,"Department of Defense",77,200
spaceappschallenge.org,"National Aeronautics and Space Administration",77,200
chandlerazpd.gov,"City of Chandler, AZ",78,200
fletc.gov,"Department of Homeland Security",84,200
cityofdenton.com,"City of Denton, TX",69,200
jamescitycountyva.gov,"James City County, VA",78,200
spokane.gov,"City of Spokane, WA",71,200
lacoast.gov,"Department of the Interior",56,200
nh.gov,"State of New Hampshire",,995
baytown.org,"City of Baytown, TX",68,200
cityofhunterscreek.com,"City of Hunters Creek Village, TX",78,200
seabrooktx.gov,"City of Seabrook, TX",68,200
fhlb.com,"Interagency Collaboration",80,200
evergladesrestoration.gov,"Department of the Interior",80,200
glendaleca.gov,"City of Glendale, CA",,995
cityofrc.us,"City of Rancho Cucamonga, CA",77,200
nasa.gov,"National Aeronautics and Space Administration",92,200
acl.gov,"Department of Health and Human Services",75,200
leaguecitytx.gov,"City of League City, TX",75,200
evus.gov,"Department of Homeland Security",76,200
dallascityhall.com,"City of Dallas, TX",83,200
antiochca.gov,"City of Antioch, CA",72,200
flpd.gov,"City of Fort Lauderdale, FL",,995
greenbaywi.gov,"City of Green Bay, WI",76,200
georgia.gov,"State of Georgia",89,200
dodea.edu,"Department of Defense",,995
nifc.gov,"Department of the Interior",82,200
challenge.gov,"General Services Administration",87,200
ri.gov,"State of Rhode Island",74,200
mepsdocs.org,"Department of Health and Human Services",74,200
cfcgive.org,"Combined Federal Campaign",72,200
justice.gov,"Department of Justice",86,200
nano.gov,"Executive Office of the President",82,200
senate.gov,"United States Senate",64,200
ussemiquincentennial.gov,"U.S. Semiquincentennial Commission",64,200
knoxvilletn.gov,"City of Knoxville, TN",76,200
huduser.gov,"Department of Housing and Urban Development",79,200
e-verify.gov,"Department of Homeland Security",87,200
airforce.com,"Department of the Air Force",77,200
imls.gov,"Institute of Museum and Library Services",88,200
fdlp.gov,"Government Publishing Office",67,200
sanbernardino.gov,"City of San Bernardino, CA",73,200
faasafety.gov,"Department of Transportation",75,200
toaks.gov,"City of Thousand Oaks, CA",66,200
aviationweather.gov,"Department of Commerce",82,200
irsauctions.gov,"Department of the Treasury",92,200
firstrespondertraining.gov,"Department of Homeland Security",77,200
cms.gov,"Department of Health and Human Services",85,200
charleston-sc.gov,"City of Charleston, SC",86,200
lanl.gov,"Department of Energy",97,200
osti.gov,"Department of Energy",93,200
lbl.gov,"Department of Energy",83,200
sterlingheights.gov,"City of Sterling Heights, MI",71,200
workcenter.gov,"Department of Labor",90,200
cityofchesapeake.net,"City of Chesapeake, VA",73,200
landfire.gov,"Department of the Interior",70,200
dra.gov,"Delta Regional Authority",90,200
thorntonco.gov,"City of Thornton, CO",93,200
dol.gov,"Department of Labor",92,200
annapolis.gov,"City of Annapolis, MD",73,200
sc.gov,"State of South Carolina",75,200
dataprivacyframework.gov,"Department of Commerce",70,200
consumidor.gov,"Federal Trade Commission",87,200
reno.gov,"City of Reno, NV",82,200
marines.com,"U.S. Marine Corps",83,200
realpropertyprofile.gov,"General Services Administration",71,200
access-board.gov,"United States Access Board",88,200
usaspending.gov,"Department of the Treasury",81,200
provo.gov,"City of Provo, UT",79,200
cityofsanmateo.org,"City of San Mateo, CA",69,200
opengovplatform.org,"General Services Administration",78,200
fedcenter.gov,"Environmental Protection Agency",55,200
careeronestop.org,"Employment and Training Administration",75,200
clinicaltrials.gov,"Department of Health and Human Services",81,200
onetcenter.org,"Department of Labor",74,200
speaker.gov,"The Legislative Branch",88,200
csb.gov,"Chemical Safety Board",74,200
iowa.gov,"State of Iowa",97,200
kentucky.gov,"State of Kentucky",79,200
yorkcounty.gov,"York County, VA",76,200
staffordcountyva.gov,"Stafford County, VA",81,200
westminsterco.gov,"City of Westminster, CO",74,200
oregon.gov,"State of Oregon",80,200
chandleraz.gov,"City of Chandler, AZ",90,200
portal.arkansas.gov,"State of Arkansas",87,200
lexingtonky.gov,"City of Lexington, KY",88,200
orangecountyva.gov,"Orange County, VA",74,200
phoenix.gov,"City of Phoenix, AZ",86,200
sd.gov,"State of South Dakota",75,200
pbc.gov,"Palm Beach County, FL",71,200
chesterfield.gov,"Chesterfield County, VA",71,200
harriscountytx.gov,"City of Harris County, TX",82,200
ada.gov,"Department of Justice",94,200
cancer.gov,"Department of Health and Human Services",91,200
blm.gov,"Department of the Interior",93,200
agribank.com,"Farm Credit Administration",80,200
arc.gov,"Appalachian Regional Commission",89,200
pwcva.gov,"Prince William County, VA",91,200
boem.gov,"Department of the Interior",94,200
archives.gov,"National Archives and Records Administration",93,200
ccb.gov,"Library of Congress",80,200
cia.gov,"Central Intelligence Agency",88,200
cobank.com,"Farm Credit Administration",88,200
digital.gov,"General Services Administration",92,200
doi.gov,"Department of the Interior",90,200
data.gov,"General Services Administration",85,200
virginiabeach.gov,"City of Virginia Beach, VA",94,200
eisenhowerlibrary.gov,"National Archives and Records Administration",77,200
bsee.gov,"Department of the Interior",75,200
ecosystemsontheedge.org,"Smithsonian Institution",80,200
fhlbanks.com,"Interagency Collaboration",85,200
csosa.gov,"Court Services and Offender Supervision",75,200
helpwithmybank.gov,"Department of the Treasury",90,200
discoverytheater.org,"Smithsonian Institution",63,200
fehrm.gov,"Department of Defense",85,200
frbsf.org,"Federal Reserve Board",91,200
gocivilairpatrol.com,"U.S. Air Force Auxiliary",87,200
cuidadodesalud.gov,"Department of Health and Human Services",94,200
fhlbtopeka.com,"Interagency Collaboration",85,200
fhlbc.com,"Interagency Collaboration",79,200
farmermac.com,"Federal Agricultural Mortgage Corporation",80,200
nsf.gov,"National Science Foundation",94,200
medpac.gov,"Medical Payment Advisory Commission",82,200
arctic.gov,"National Science Foundation",76,200
oge.gov,"Office of Government Ethics",77,200
mgi.gov,"Department of Commerce",78,200
nnlm.gov,"Department of Health and Human Services",83,200
veteranscrisisline.net,"Department of Veterans Affairs",86,200
fanniemae.com,"Federal National Mortgage Association",81,200
statspolicy.gov,"General Services Administration",79,200
ojp.gov,"Department of Justice",88,200
usds.gov,"Executive Office of the President",91,200
sandia.gov,"Department of Energy",88,200
medlineplus.gov,"Department of Health and Human Services",91,200
section508.gov,"General Services Administration",95,200
ncua.gov,"National Credit Union Administration",95,200
occ.gov,"Department of the Treasury",86,200
usa.gov,"General Services Administration",94,200
rferl.org,"U.S. Agency for Global Media",88,200
hiv.gov,"Department of Health and Human Services",97,200
nutrition.gov,"U.S. Department of Agriculture",79,200
usajobs.gov,"Office of Personnel Management",82,200
mycreditunion.gov,"National Credit Union Administration",97,200
martinoticias.com,"U.S. Agency for Global Media",83,200
pbgc.gov,"Pension Benefit Guaranty Corporation",77,200
tsa.gov,"Department of Homeland Security",93,200
stb.gov,"Surface Transportation Board",91,200
mmc.gov,"Marine Mammal Commission",83,200
usgs.gov,"Department of the Interior",89,200
nc.gov,"State of North Carolina",96,200
fhlb-pgh.com,"Interagency Collaboration",70,200
macpac.gov,"Medicaid and CHIP Payment and Access Commission",88,200
goarmy.com,"Department of the Army",88,200
fac.gov,"General Services Administration",81,200
schoolsafety.gov,"Department of Homeland Security",90,200
fca.gov,"Farm Credit Administration",81,200
moneyfactory.com,"Bureau of Engraving and Printing",86,200
irs.gov,"Department of the Treasury",90,200
loc.gov,"Library of Congress",91,200
fhlbboston.com,"Interagency Collaboration",89,200
nnss.gov,"Department of Energy",89,200
uscga.edu,"U.S. Coast Guard",85,200
smithsonian.com,"Smithsonian Institution",78,200
fasab.gov,"Government Accountability Office",80,200
smokeybear.com,"U.S. Forest Service",90,200
nist.gov,"Department of Commerce",94,200
insidevoa.com,"U.S. Agency for Global Media",85,200
searchablemuseum.com,"Smithsonian Institution",90,200
ssab.gov,"Social Security Advisory Board",83,200
texas.gov,"State of Texas",92,200
fmc.gov,"Federal Maritime Commission",92,200
nixonlibrary.gov,"National Archives and Records Administration",75,200
idmanagement.gov,"General Services Administration",91,200
nsopw.gov,"Department of Justice",93,200
nps.gov,"Department of the Interior",94,200
fedramp.gov,"General Services Administration",88,200
nm.gov,"State of New Mexico",89,200
presidentialinnovationfellows.gov,"General Services Administration",89,200
tvars.com,"Tennessee Valley Authority",77,200
pancanal.com,"Autoridad del Canal de Panama/Panama Canal Authority",75,200
performance.gov,"General Services Administration",93,200
pbrb.gov,"Public Buildings Reform Board",81,200
voanews.com,"U.S. Agency for Global Media",85,200
ihs.gov,"Department of Health and Human Services",88,200
login.gov,"General Services Administration",86,200
seecstories.com,"Smithsonian Institution",80,200
ncd.gov,"National Council on Disability",92,200
nagb.gov,"Department of Education",90,200
philadelphiafed.org,"Federal Reserve Board",85,200
simplereport.gov,"Department of Health and Human Services",81,200
gps.gov,"Department of Commerce",78,200
fhlbny.com,"Interagency Collaboration",86,200
vcf.gov,"Department of Justice",82,200
ycq2.org,"Department of Defense",82,200
ownyourlimits.org,"Department of Defense",78,200
nwtrb.gov,"U.S. Nuclear Waste Technical Review Board",74,200
va.gov,"Department of Veterans Affairs",94,200
usarmyband.com,"Department of Defense",88,200
iarpa-ideas.gov,"Director of National Intelligence",65,200
ustda.gov,"United States Trade and Development Agency",74,200
marinemarathon.com,"U.S. Marine Corps",89,200
fws.gov,"Department of the Interior",84,200
worklife4you.com,"Department of Health and Human Services",77,200
gpo.gov,"Government Publishing Office",68,200
heritageabroad.gov,"U.S. Commission for the Preservation of Americas Heritage Abroad",89,200
artcollectorsprogram.org,"Smithsonian Institution",62,200
reach.gov,"Department of Veterans Affairs",87,200
aff.gov,"U.S. Department of Agriculture",80,200
healthcare.gov,"Department of Health and Human Services",93,200
store.usgs.gov,"United States Geological Survey",83,200
agingstats.gov,"Department of Health and Human Services",71,200
ficor.gov,"Department of the Interior",89,200
safeocs.gov,"Department of Transportation",65,200
recreation.gov,"U.S. Department of Agriculture",88,200
connect.gov,"U.S. Department of Agriculture",75,200
mcmregistration.com,"U.S. Marine Corps",59,200
maricopacfc.org,"Combined Federal Campaign",56,200
detroitself.org,"Department of Health and Human Services",68,200
oahpmdata.net,"Department of Health and Human Services",74,200
whitehouseconferenceonaging.gov,"Department of Health and Human Services",74,200
rocis.gov,"General Services Administration",74,200
usdebitcard.gov,"Department of the Treasury",67,200
elcivicsonline.org,"Department of Education",63,200
forestsandrangelands.gov,"U.S. Department of Agriculture",76,200
supremecourt.gov,"The Supreme Court",74,200
wwtg.gov,"Department of Commerce",84,200
floodsmart.gov,"Department of Homeland Security",84,200
racwarehouse.org,"Department of Health and Human Services",69,200
comptrollerofthecurrency.gov,"Department of the Treasury",85,200
ofia.gov,"Federal Deposit Insurance Corporation",77,200
sen.gov,"United States Senate",81,200
nola.gov,"City of New Orleans, LA",91,200
amver.com,"U.S. Coast Guard",53,200
sworm.gov,"Department of Commerce",69,200
uscirf.gov,"U.S. Commission on International Religious Freedom",70,200
psoppc.org,"Department of Health and Human Services",77,200
farmers.gov,"U.S. Department of Agriculture",91,200
helenamt.gov,"City of Helena, MT",90,200
ffb.gov,"Department of the Treasury",84,200
stripes.com,"Department of Defense",77,200
nrc.gov,"Nuclear Regulatory Commission",79,200
bonds4jobs.com,"Department of Labor",81,200
sdr.gov,"Department of Commerce",76,200
cbacfc.org,"Combined Federal Campaign",79,200
leopold.wilderness.net,"U.S. Forest Service",84,200
cssbmb.gov,"U.S. Commission on Civil Rights",83,200
wallertexas.gov,"City of Waller, TX",75,200
livingmemorialsproject.net,"U.S. Forest Service",66,200
jocogov.org,"Johnson County, Kansas",94,200
rentonwa.gov,"City of Renton, WA",91,200
thecityofhedwigvillage.com,"City of Hedwig Village, TX",82,200
cityofpineypoint.com,"City of Piney Point Village, TX",80,200
independencemo.gov,"City of Independence, MO",83,200
nwcg.gov,"U.S. Department of Agriculture",90,200
berkeleyca.gov,"City of Berkeley, CA",82,200
scottsdaleaz.gov,"City of Scottsdale, AZ",88,200
bellevuewa.gov,"City of Bellevue, WA",75,200
cityofhumbletx.gov,"City of Humble, TX",76,200
moval.gov,"City of Moreno Valley, CA",94,200
cfa.gov,"U.S. Commission of Fine Arts",79,200
shoreacrestx.us,"City of Shoreacres, TX",72,200
tampa.gov,"City of Tampa, FL",94,200
odessa-tx.gov,"City of Odessa, TX",70,200
hilshirevillagetexas.com,"City of Hilshire Village, TX",75,200
tuscaloosa.com,"City of Tuscaloosa, AL",84,200
minneapolismn.gov,"City of Minneapolis, MN",91,200
allentx.gov,"City of Allen, TX",85,200
bouldercolorado.gov,"City of Boulder, CO",84,200
roundrocktexas.gov,"City of Round Rock, TX",90,200
cityofgalenapark-tx.gov,"City of Galena Park, TX",72,200
columbus.gov,"City of Columbus, OH",91,200
stlouis-mo.gov,"City of St. Louis, MO",91,200
charlottenc.gov,"City of Charlotte, NC",85,200
sa.gov,"City of San Antonio, TX",90,200
clevelandohio.gov,"City of Cleveland, OH",88,200
cabq.gov,"City of Albuquerque, NM",90,200
fresno.gov,"City of Fresno, CA",84,200
portland.gov,"City of Portland, OR",91,200
springfield-ma.gov,"City of Springfield, MA",72,200
northcharleston.org,"City of North Charleston, SC",79,200
cincinnati-oh.gov,"City of Cincinnati, OH",77,200
sandiego.gov,"City of San Diego, CA",82,200
southbendin.gov,"City of South Bend, IN",91,200
cityofconroe.org,"City of Conroe, TX",81,200
killeentexas.gov,"City of Killeen, TX",75,200
cambridgema.gov,"City of Cambridge, MA",80,200
fortworthtexas.gov,"City of Fort Worth, TX",93,200
gainesvillefl.gov,"City of Gainesville, FL",89,200
huntsvilleal.gov,"City of Huntsville, AL",91,200
jacintocity-tx.gov,"City of Jacinto City, TX",79,200
stpaul.gov,"City of Saint Paul, MN",88,200
jeffersoncitymo.gov,"City of Jefferson City, MO",79,200
pompanobeachfl.gov,"City of Pompano Beach, FL",88,200
grandrapidsmi.gov,"City of Grand Rapids, MI",87,200
normanok.gov,"City of Norman, OK",87,200
arlingtontx.gov,"City of Arlington, TX",88,200
coralsprings.gov,"City of CORAL SPRINGS, FL",93,200
quincyma.gov,"City of Quincy, MA",88,200
capecoral.gov,"City of Cape Coral, FL",81,200
bridgeportct.gov,"City of Bridgeport, CT",86,200
manchesternh.gov,"City of Manchester, NH",76,200
ggcity.org,"City of GARDEN GROVE, CA",82,200
austintexas.gov,"City of Austin, TX",82,200
akronohio.gov,"City of Akron, OH",68,200
tucsonaz.gov,"City of Tucson, AZ",86,200
birminghamal.gov,"City of Birmingham, AL",84,200
santafenm.gov,"City of Santa Fe, NM",74,200
cityofboise.org,"City of Boise, ID",79,200
miami.gov,"City of Miami, FL",89,200
waco-texas.com,"City of Waco, TX",89,200
stocktonca.gov,"City of Stockton, CA",81,200
bunkerhilltx.gov,"City of Houston, TX",77,200
cityofsacramento.gov,"City of Sacramento, CA",92,200
rva.gov,"City of Richmond, VA",75,200
hawaii.gov,"State of Hawaii",98,200
jcmo.gov,"City of Jefferson City, MO",79,200
greshamoregon.gov,"City of Gresham, OR",83,200
everettwa.gov,"City of Everett, WA",72,200
wichitafallstx.gov,"City of Wichita Falls, TX",73,200
indianhill.gov,"Village of Indian Hill, OH",89,200
sandyspringsga.gov,"City of Sandy Springs, GA",83,200
orau.gov,"Department of Energy",93,200
miramarfl.gov,"City of Miramar, FL",86,200
coloradosprings.gov,"City of Colorado Springs, CO",78,200
pittsburghpa.gov,"City of Pittsburgh, PA",92,200
kansas.gov,"State of Kansas",87,200
treasury.gov,"Department of the Treasury",87,200
cityoftulsa.org,"City of Tulsa, OK",67,200
siouxfalls.gov,"City of Sioux Falls, SD",91,200
newarknj.gov,"City of newark, NJ",76,200
permitting.gov,"Federal Permitting Improvement Steering Council",83,200
sugarlandtx.gov,"City of Sugar Land, TX",75,200
orlando.gov,"City of Orlando, FL",89,200
augustamaine.gov,"City of Augusta, ME",64,200
nrc-gateway.gov,"Nuclear Regulatory Commission",64,200
billingsmtpublicworks.gov,"City of Billings, MT",71,200
denali.gov,"Denali Commission",80,200
midlandtexas.gov,"City of Midland, TX",76,200
manufacturingusa.com,"National Institute of Standards and Technology",83,200
newbraunfels.gov,"City of New Braunfels, TX",68,200
dc.gov,"District of Columbia",75,200
jacksonville.gov,"City of Jacksonville, FL",84,200
freddiemac.com,"Federal Home Loan Mortgage Corporation",88,200
longbeach.gov,"City of Long Beach, CA",73,200
huntingtonbeachca.gov,"City of Huntington Beach, CA",85,200
uspsoig.gov,"United States Postal Service",74,200
southsideplacetx.gov,"City of Houston, TX",68,200
corpuschristitx.gov,"City of Corpus Christi, TX",88,200
papahanaumokuakea.gov,"Department of Commerce",70,200
energy.gov,"Department of Energy",88,200
obamalibrary.gov,"National Archives and Records Administration",81,200
whistleblower.gov,"Commodity Futures Trading Commission",69,200
alexandriava.gov,"City of Alexandria, VA",87,200
thecommunityguide.org,"Department of Health and Human Services",80,200
sierrawild.gov,"Department of the Interior",73,200
bop.gov,"Department of Justice",76,200
amarillo.gov,"City of Amarillo, TX",86,200
knoxvilletnpolice.gov,"City of Knoxville, TN",83,200
nationsreportcard.gov,"Department of Education",87,200
asc.gov,"Appraisal Subcommittee",70,200
ustaxcourt.gov,"U.S. Courts",80,200
gop.gov,"The Legislative Branch",87,200
mtbs.gov,"Department of the Interior",66,200
selectagents.gov,"Department of Health and Human Services",76,200
minneapolisfed.org,"Federal Reserve Board",85,200
sss.gov,"Selective Service System",75,200
ny.gov,"State of New York",95,200
firenet.gov,"Department of the Interior",77,200
dems.gov,"The Legislative Branch",84,200
apprenticeship.gov,"Department of Labor",91,200
bep.gov,"Department of the Treasury",81,200
scidac.gov,"Department of Energy",71,200
fdicoig.gov,"Federal Deposit Insurance Corporation",73,200
truman.gov,"Harry S. Truman Scholarship Foundation",94,200
rrb.gov,"Railroad Retirement Board",71,200
wildfire.gov,"U.S. Department of Agriculture",88,200
fueleconomy.gov,"Department of Energy",84,200
namrs.net,"Department of Health and Human Services",71,200
ntia.gov,"Department of Commerce",77,200
uscis.gov,"Department of Homeland Security",88,200
read.gov,"Library of Congress",70,200
everykidoutdoors.gov,"Department of the Interior",74,200
dfc.gov,"United States International Development Finance Corporation",78,200
iawg.gov,"Department of State",70,200
usgeo.gov,"National Aeronautics and Space Administration",76,200
msha.gov,"Department of Labor",89,200
newhire-reporting.com,"Administration for Children and Families",60,200
jewishheritagemonth.gov,"Library of Congress",76,200
ed.gov,"Department of Education",89,200
jamesmadison.gov,"James Madison Memorial Fellowship Foundation",83,200
jem.gov,"Department of the Interior",72,200
sbir.gov,"Small Business Administration",74,200
trade.gov,"Department of Commerce",81,200
federallabs.org,"Interagency Collaboration",71,200
childwelfare.gov,"Department of Health and Human Services",83,200
utah.gov,"State of Utah",89,200
digitalpreservation.gov,"Library of Congress",71,200
copyright.gov,"Library of Congress",80,200
capeyouth.org,"Department of Labor",75,200
science.gov,"Department of Energy",81,200
pccds-ln.org,"Department of Health and Human Services",73,200
icams-portal.gov,"Department of Commerce",68,200
energystar.gov,"Environmental Protection Agency",91,200
federalreserveconsumerhelp.gov,"Federal Reserve Board of Governors",76,200
flra.gov,"Federal Labor Relations Authority",74,200
gsaig.gov,"General Services Administration",73,200
911commission.gov,"National Archives and Records Administration",63,200
sba.gov,"Small Business Administration",94,200
sustainability.gov,"Environmental Protection Agency",73,200
nigc.gov,"National Indian Gaming Commission",83,200
bie.edu,"Department of the Interior",72,200
fincen.gov,"Department of the Treasury",91,200
cendi.gov,"Department of Energy",80,200
usdirectexpress.com,"Bureau of Fiscal Service",73,200
afrh.gov,"Armed Forces Retirement Home",68,200
nps.edu,"Naval Postgraduate School",73,200
mymcx.com,"U.S. Marine Corps",68,200
paymentaccuracy.gov,"General Services Administration",70,200
cdfifund.gov,"Department of the Treasury",76,200
visitthecapitol.gov,"Architect of the Capitol",77,200
deadiversion.usdoj.gov,"U.S. Department of Justice - Drug Enforcement Administration",75,200
consumersentinel.gov,"Federal Trade Commission",63,200
esc.gov,"Department of Transportation",76,200
csscoperations.com,"Department of Health and Human Services",75,200
itdashboard.gov,"General Services Administration",74,200
fjc.gov,"U.S. Courts",81,200
stopfakes.gov,"Department of Commerce",83,200
scrc.gov,"Southeast Crescent Regional Commission",68,200
health.gov,"Department of Health and Human Services",79,200
ntsb.gov,"National Transportation Safety Board",74,200
childstats.gov,"Department of Education",74,200
ice.gov,"Department of Homeland Security",83,200
fhfa.gov,"Federal Housing Finance Agency",94,200
nj.gov,"State of New Jersey",83,200
insurekidsnow.gov,"Department of Health and Human Services",83,200
pclob.gov,"Privacy and Civil Liberties Oversight Board",71,200
ems.gov,"Department of Transportation",90,200
911.gov,"Department of Transportation",91,200
usicecenter.gov,"Department of Commerce",76,200
cityofnormandy.gov,"City of St. Louis, MO",76,200
ameslab.gov,"Department of Energy",87,200
isotopes.gov,"Department of Energy",67,200
llnl.gov,"Department of Energy",81,200
fordlibrarymuseum.gov,"National Archives and Records Administration",75,200
ready.gov,"Department of Homeland Security",85,200
oversight.gov,"Council of Inspectors General on Integrity and Efficiency",74,200
exim.gov,"Export/Import Bank of the U.S.",78,200
ffiec.gov,"Federal Reserve Board of Governors",,995
nd.gov,"State of North Dakota",87,200
chicagofed.org,"Federal Reserve Board",73,200
consumerfinance.gov,"Consumer Financial Protection Bureau",94,200
pandemicoversight.gov,"Council of Inspectors General on Integrity and Efficiency",79,200
healthit.gov,"Department of Health and Human Services",85,200
chemcatbio.org,"Department of Energy",72,200
navy.com,"Department of the Navy",80,200
fedroom.com,"General Services Administration",71,200
usmc-mccs.org,"U.S. Marine Corps",65,200
spokanevalleywa.gov,"City of Spokane Valley, WA",69,200
cityofpalmdaleca.gov,"City of Palmdale, CA",73,200
globe.gov,"National Aeronautics and Space Administration",86,200
rialtoca.gov,"City of Rialto, CA",74,200
mughalgardens.org,"Smithsonian Institution",60,200
deerparktx.gov,"City of Deer Park, TX",73,200
amtrak.com,"National Railroad Passenger Corporation",79,200
identitytheft.gov,"Federal Trade Commission",88,200
parks.marincounty.gov,"Marin County Parks, CA",,995
lcrmscp.gov,"Department of the Interior",72,200
tsunami.gov,"Department of Commerce",66,200
tacoma.gov,"City of Tacoma, WA",89,200
santaclarita.gov,"City of Santa Clarita, CA",87,200
ornl.gov,"Department of Energy",80,200
econsumer.gov,"Federal Trade Commission",74,200
uscgnews.com,"U.S. Coast Guard",83,200
bakersfieldcity.us,"City of Bakersfield, CA",77,200
ready.lacounty.gov,"",84,200
gsfahome.org,"",64,200
idco.dmdc.osd.mil,"",80,200
larises.org,"",83,200
nhslacounty.org,"",84,200
listoscalifornia.org,"",91,200
dcba.lacounty.gov,"",76,200
sherman.house.gov,"",84,200
sdar.com,"",68,200
lending.sba.gov,"",79,200
clerk.house.gov,"",73,200
rebuildparadise.org,"",79,200
disasterassistance.gov,"",74,200
nyc.gov,"",84,200
coveredca.com,"",94,200
faq.usps.com,"",74,200
fema.gov,"",86,200
buttecaa.com,"",70,200
hbex.coveredca.com,"State of California",79,200
universityofcalifornia.edu,"State of California",93,200
calstate.edu,"State of California",75,200
montgomeryohio.gov,"",92,200
baltimorecity.gov,"Baltimore, MD",83,200
first5alameda.org,"",88,200
sahuaritaaz.gov,"",76,200
democracyforward.org,"",89,200
buncombenc.gov,"Buncombe County, NC",77,200
attorneygeneral.gov,"",91,200
pacast.com,"",67,200
pacourts.us,"",71,200
patreasury.gov,"",78,200
paauditor.gov,"",94,200
simpler.grants.gov,"",86,200
visitpa.com,"",88,200
franklincountyohio.gov,"Franklin County, OH",92,200
oakleyca.gov,"",75,200
ipers.org,"",96,200
fayetteville-ga.gov,"",76,200
ndstudio.gov,"",90,200
humboldtgov.org,"Humboldt County, CA",74,200
euprava.gov.rs,"",58,200
ops.fhwa.dot.gov,"",78,200
access.nyc.gov,"",89,200
americabydesign.gov,"",90,200
coalitionforthehomeless.org,"",85,200
co.del-norte.ca.us,"Del Norte County, CA",73,200
buttecounty.net,"Butte County, CA",75,200
lacounty.gov,"Los Angeles County, CA",71,200
digitalnaskola.edu.me,"",79,200
wyomingmi.gov,"",75,200
pinellas.gov,"Pinellas County, FL",86,200
hcfl.gov,"",85,200
edmonton.ca,"",82,200
iowadnr.gov,"",97,200
habershamga.com,"Habersham County, GA",70,200
fortcollins.gov,"City of Fort Collins",86,200
ite.gov.rs,"",74,200
dnrec.delaware.gov,"State of Delaware",85,200
digitalcommons.nc.gov,"North Carolina",82,200
ndit.nd.gov,"North Dakota",85,200
governor.hawaii.gov,"State of Hawaiʻi",84,200
hennepincounty.gov,"Hennepin County",81,200
brookhavenny.gov,"Town of Brookhaven",78,200
mableton.gov,"City Of Mableton",77,200
cityofracinewi.gov,"City of Racine, WI",87,200
carsonca.gov,"City of Carson, CA",78,200
elpasotexas.gov,"The City of El Paso",79,200
cityofsanrafael.org,"",86,200
main.sbcounty.gov,"San Bernardino County, CA",81,200
calaverasgov.us,"Calaveras County, CA",76,200
siskiyoucounty.gov,"Siskiyou County, CA",80,200
alpinecountyca.gov,"Alpine County, CA",78,200
modestogov.com,"City of Modesto, CA",73,200
bart.gov,"",80,200
sf.gov,"San Francisco, CA",81,200
sonomacounty.gov,"",89,200
in.gov,"State of Indiana",86,200
co.scurry.tx.us,"Scurry County, TX",74,200
dakotacountymn.gov,"Dakota County, MN",82,200
dundycounty.ne.gov,"Dundy County, NE",80,200
faribaultcountymn.gov,"Faribault County, MN",78,200
beckham.okcounties.org,"Beckham County, OK",72,200
co.atascosa.tx.us,"Atascosa County, TX",75,200
lakemt.gov,"Lake County, MT",74,200
nicolletcountymn.gov,"Nicollet County, MN",77,200
garzacounty.gov,"Garza County, TX",71,200
saginawcountymi.gov,"Saginaw County, MI",81,200
lakecountyin.gov,"Lake County, IN",86,200
sanpatriciocountytx.gov,"San Patricio County, TX",73,200
co.erath.tx.us,"Erath County, TX",75,200
lesueurcounty.gov,"Le Sueur County, MN",76,200
beltramicountymn.gov,"Beltrami County, MN",91,200
blainecountyid.gov,"Blaine County, ID",78,200
traversecountymn.gov,"Traverse County, MN",79,200
deschutescounty.gov,"Deschutes County, OR",78,200
schuylercountyny.gov,"Schuyler County, NY",79,200
citruscounty.gov,"Citrus County, FL",74,200
menomineecountymi.gov,"Menominee County, MI",84,200
co.coos.or.us,"Coos County, OR",86,200
hardycounty.com,"Hardy County, WV",77,200
co.ward.nd.us,"Ward County, ND",77,200
florencecountysc.gov,"Florence County, SC",73,200
wwcowa.gov,"Walla Walla County, WA",85,200
norcopa.gov,"Northampton County, PA",67,200
wasecacounty.gov,"Waseca County, MN",76,200
barrycounty.org,"Barry County, MI",82,200
co.martin.tx.us,"Martin County, TX",71,200
charlestoncounty.gov,"Charleston County, SC",78,200
ponderacountymt.gov,"Pondera County, MT",91,200
co.grayson.tx.us,"Grayson County, TX",75,200
carrollcountygovernment.org,"Carroll County, IN",84,200
comanchecountytx.gov,"Comanche County, TX",78,200
grantcountywa.gov,"Grant County, WA",77,200
fallrivercountysd.gov,"Fall River County, SD",88,200
vanwertcountyohio.gov,"Van Wert County, OH",77,200
buttesd.gov,"Butte County, SD",84,200
franklincountyga.gov,"Franklin County, GA",82,200
madisoncounty.ny.gov,"Madison County, NY",75,200
llanocounty.gov,"Llano County, TX",79,200
henrycountyohio.gov,"Henry County, OH",75,200
pascocountyfl.gov,"Pasco County, FL",86,200
tyrrellcounty.org,"Tyrrell County, NC",54,200
jacksoncountytn.gov,"Jackson County, TN",80,200
codington.sdcounty.gov,"Codington County, SD",72,200
ocontocountywi.gov,"Oconto County, WI",77,200
jessamineky.gov,"Jessamine County, KY",87,200
colemancounty.gov,"Coleman County, TX",78,200
metrocogct.gov,"Greater Bridgeport Planning Region, CT",78,200
coffeecounty-ga.gov,"Coffee County, GA",84,200
co.rockbridge.va.us,"Rockbridge County, VA",75,200
cecilcountymd.gov,"Cecil County, MD",77,200
mineralwv.gov,"Mineral County, WV",81,200
emanuelco-ga.gov,"Emanuel County, GA",77,200
westchestercountyny.gov,"Westchester County, NY",81,200
ks420.cichosting.com,"Wilson County, KS",63,200
clarendoncountysc.gov,"Clarendon County, SC",91,200
polkfl.gov,"Polk County, FL",89,200
co.rock.mn.us,"Rock County, MN",81,200
huntingdoncountypa.gov,"Huntingdon County, PA",78,200
carrollcounty.us,"Carroll County, AR",73,200
harneycountyor.gov,"Harney County, OR",,995
juniatacountypa.gov,"Juniata County, PA",77,200
kentoncountyky.gov,"Kenton County, KY",75,200
echolscountyga.com,"Echols County, GA",67,200
lymancounty.org,"Lyman County, SD",78,200
douglascountymn.gov,"Douglas County, MN",71,200
worcestermd.gov,"Worcester County, MD",71,200
douglascountywa.gov,"Douglas County, WA",76,200
wrightcountymn.gov,"Wright County, MN",76,200
ectorcountytx.gov,"Ector County, TX",80,200
tatecountyms.gov,"Tate County, MS",93,200
madisoncountyar.gov,"Madison County, AR",68,200
daviecountync.gov,"Davie County, NC",75,200
delcony.gov,"Delaware County, NY",84,200
ottawaok.gov,"Ottawa County, OK",76,200
cheyennecounty.nebraska.gov,"Cheyenne County, NE",79,200
cottlecountytx.gov,"Cottle County, TX",81,200
madisoncountyid.gov,"Madison County, ID",76,200
blancocountytexas.gov,"Blanco County, TX",81,200
co.lincoln.mn.us,"Lincoln County, MN",78,200
sunflowercounty.ms.gov,"Sunflower County, MS",76,200
hampshirewv.com,"Hampshire County, WV",55,200
canyoncounty.id.gov,"Canyon County, ID",61,200
burlingtoncountynj.gov,"Burlington County, NJ",75,200
hidalgocounty.us,"Hidalgo County, TX",76,200
putnam-fl.gov,"Putnam County, FL",86,200
co.traill.nd.us,"Traill County, ND",72,200
elliscountytx.gov,"Ellis County, TX",75,200
co.campbell.va.us,"Campbell County, VA",74,200
marshallcountytn.gov,"Marshall County, TN",86,200
co.bertie.nc.us,"Bertie County, NC",60,200
eastlandcounty.gov,"Eastland County, TX",77,200
lamarcountytx.gov,"Lamar County, TX",84,200
willacy.gov,"Willacy County, TX",76,200
crcogct.gov,"Capitol Planning Region, CT",75,200
spartanburgcounty.gov,"Spartanburg County, SC",73,200
accomack.gov,"Accomack County, VA",77,200
chippewacountymn.gov,"Chippewa County, MN",77,200
greenecountyny.gov,"Greene County, NY",84,200
co.yankton.sd.us,"Yankton County, SD",55,200
burlesoncountytx.gov,"Burleson County, TX",80,200
wascocountyor.gov,"Wasco County, OR",83,200
mcdowellnc.gov,"McDowell County, NC",63,200
bastropcounty.gov,"Bastrop County, TX",79,200
corsoncountysd.gov,"Corson County, SD",89,200
co.zavala.tx.us,"Zavala County, TX",69,200
co.trumbull.oh.us,"Trumbull County, OH",79,200
kingmancoks.org,"Kingman County, KS",72,200
kenoshacountywi.gov,"Kenosha County, WI",75,200
rivco.gov,"Riverside County, CA",84,200
russellcountyva.us,"Russell County, VA",75,200
co.jasper.ms.us,"Jasper County, MS",71,200
morrowcountyor.gov,"Morrow County, OR",75,200
missoulacounty.gov,"Missoula County, MT",87,200
columbiapa.org,"Columbia County, PA",51,200
sawyercounty.gov,"Sawyer County, WI",75,200
cottonwoodcountymn.gov,"Cottonwood County, MN",78,200
newtoncountyms.net,"Newton County, MS",85,200
beecounty.gov,"Bee County, TX",78,200
marshallcountymn.gov,"Marshall County, MN",80,200
co.shawano.wi.us,"Shawano County, WI",69,200
parkcountymt.gov,"Park County, MT",69,200
lincolnparish.gov,"Lincoln Parish, LA",85,200
albanycountyny.gov,"Albany County, NY",75,200
medinatx.gov,"Medina County, TX",83,200
gregory.sdcounty.gov,"Gregory County, SD",82,200
oktibbeha.ms.gov,"Oktibbeha County, MS",74,200
washcowisco.gov,"Washington County, WI",79,200
nesscountyks.gov,"Ness County, KS",90,200
watonwancountymn.gov,"Watonwan County, MN",76,200
morgancountyutah.gov,"Morgan County, UT",91,200
chenangocountyny.gov,"Chenango County, NY",77,200
eriecounty.oh.gov,"Erie County, OH",72,200
mellette.sdcounty.gov,"Mellette County, SD",80,200
gearycounty.gov,"Geary County, KS",77,200
scottcountyva.gov,"Scott County, VA",74,200
miner.sdcounty.gov,"Miner County, SD",65,200
itascacountymn.gov,"Itasca County, MN",74,200
co.adams.wi.us,"Adams County, WI",83,200
browncountywi.gov,"Brown County, WI",88,200
mchenrycountynd.gov,"McHenry County, ND",86,200
ravallicounty.gov,"Ravalli County, MT",77,200
knoxcountytexas.org,"Knox County, TX",72,200
co.waller.tx.us,"Waller County, TX",77,200
simpsoncountyms.com,"Simpson County, MS",60,200
new-madrid.mo.us,"New Madrid County, MO",70,200
madisoncountyga.us,"Madison County, GA",82,200
hardincountytx.gov,"Hardin County, TX",81,200
trimblecountyky.gov,"Trimble County, KY",85,200
webstercountyms.org,"Webster County, MS",60,200
greenbrierwv.gov,"Greenbrier County, WV",82,200
orangeburgcounty.org,"Orangeburg County, SC",71,200
whitmancounty.gov,"Whitman County, WA",78,200
lotwcounty.gov,"Lake of the Woods County, MN",76,200
marquettecountywi.gov,"Marquette County, WI",89,200
co.logan.oh.us,"Logan County, OH",63,200
winnebagocountywi.gov,"Winnebago County, WI",72,200
boonemo.gov,"Boone County, MO",93,200
lunacounty.gov,"Luna County, NM",67,200
greenecountyohio.gov,"Greene County, OH",79,200
mifflincountypa.gov,"Mifflin County, PA",81,200
co.sheridan.nd.us,"Sheridan County, ND",85,200
gtcountysc.gov,"Georgetown County, SC",75,200
sully.sdcounty.gov,"Sully County, SD",64,200
nhcogct.gov,"Northwest Hills Planning Region, CT",82,200
pickenscountyga.gov,"Pickens County, GA",73,200
bowiecounty.org,"Bowie County, TX",79,200
mcg.mcdonough.il.us,"McDonough County, IL",61,200
sanpetecountyutah.gov,"Sanpete County, UT",80,200
miamicountyin.gov,"Miami County, IN",78,200
co.bolivar.ms.us,"Bolivar County, MS",69,200
orangecountyny.gov,"Orange County, NY",76,200
linncountyks.gov,"Linn County, KS",74,200
washingtoncountyok.gov,"Washington County, OK",78,200
oglalalakotacountysd.gov,"Oglala Lakota County, SD",86,200
coshoctoncounty.net,"Coshocton County, OH",75,200
gibsontn.org,"Gibson County, TN",73,200
dunklincounty.gov,"Dunklin County, MO",78,200
kcmn.us,"Kandiyohi County, MN",75,200
matsu.gov,"Matanuska-Susitna Borough, AK",86,200
ashtabulacounty.gov,"Ashtabula County, OH",79,200
flemingcountyky.us,"Fleming County, KY",61,200
mercercountypa.gov,"Mercer County, PA",80,200
ramseycountymn.gov,"Ramsey County, MN",88,200
fremontcountyid.gov,"Fremont County, ID",79,200
livingstoncountyky.org,"Livingston County, KY",73,200
lewiscountyky.gov,"Lewis County, KY",70,200
shannoncounty.gov,"Shannon County, MO",81,200
oswegocountyny.gov,"Oswego County, NY",87,200
roseaucountymn.gov,"Roseau County, MN",75,200
humphreyscountytn.gov,"Humphreys County, TN",63,200
jeffcomo.gov,"Jefferson County, MO",70,200
yoakumcounty.gov,"Yoakum County, TX",72,200
crookcountyor.gov,"Crook County, OR",75,200
lqpcomn.gov,"Lac qui Parle County, MN",81,200
griggscountynd.gov,"Griggs County, ND",72,200
stmaryscountymd.gov,"Saint Mary's County, MD",81,200
powercounty.gov,"Power County, ID",76,200
co.cowlitz.wa.us,"Cowlitz County, WA",76,200
co.pecos.tx.us,"Pecos County, TX",80,200
hamiltoncountyny.gov,"Hamilton County, NY",78,200
banderacounty.gov,"Bandera County, TX",75,200
bambergcounty.sc.gov,"Bamberg County, SC",91,200
marioncounty-mo.gov,"Marion County, MO",87,200
co.anson.nc.us,"Anson County, NC",75,200
harrisoncountyfiscalcourt.com,"Harrison County, KY",60,200
fnsb.gov,"Fairbanks North Star Borough, AK",82,200
outagamie.gov,"Outagamie County, WI",89,200
lakecountymn.gov,"Lake County, MN",75,200
richardsoncounty.ne.gov,"Richardson County, NE",83,200
ks520.cichosting.com,"Republic County, KS",67,200
countyofmodoc.gov,"Modoc County, CA",76,200
sequoyah.okcounties.org,"Sequoyah County, OK",75,200
pulaskicountymo.org,"Pulaski County, MO",84,200
unioncountysd.gov,"Union County, SD",77,200
stanleycountysd.gov,"Stanley County, SD",77,200
okanogancounty.gov,"Okanogan County, WA",76,200
co.columbia.wi.us,"Columbia County, WI",80,200
cayugacounty.gov,"Cayuga County, NY",71,200
handcountysd.gov,"Hand County, SD",80,200
sterlingcotx.gov,"Sterling County, TX",81,200
mahnomencounty.gov,"Mahnomen County, MN",83,200
lewiscountyid.us,"Lewis County, ID",69,200
jocomo.gov,"Johnson County, MO",78,200
hardingsd.net,"Harding County, SD",,995
yorkcounty.ne.gov,"York County, NE",88,200
redwoodcounty-mn.gov,"Redwood County, MN",91,200
bourbonky.com,"Bourbon County, KY",84,200
dukescounty.gov,"Dukes County, MA",73,200
piute.gov,"Piute County, UT",78,200
gillespiecounty.gov,"Gillespie County, TX",79,200
gov.orangecounty59.us,"Orange County, IN",66,200
ks482.cichosting.com,"Woodson County, KS",61,200
yorkcountysc.gov,"York County, SC",76,200
isanticountymn.gov,"Isanti County, MN",75,200
shermancountytx.gov,"Sherman County, TX",76,200
secogct.gov,"Southeastern Connecticut Planning Region, CT",81,200
howellcountymo.gov,"Howell County, MO",73,200
lanecountyks.org,"Lane County, KS",66,200
granitecountymt.us,"Granite County, MT",74,200
hillsdalecounty.gov,"Hillsdale County, MI",81,200
galliacountyoh.gov,"Gallia County, OH",91,200
sabineparishpolicejury.com,"Sabine Parish, LA",64,200
mijackson.org,"Jackson County, MI",75,200
warrencountyohio.gov,"Warren County, OH",78,200
wadenacounty.gov,"Wadena County, MN",77,200
townscountyga.org,"Towns County, GA",76,200
andersoncountytx.gov,"Anderson County, TX",79,200
blaircountypa.gov,"Blair County, PA",77,200
fayettekyclerk.gov,"Fayette County, KY",86,200
mywoodcounty.com,"Wood County, TX",72,200
dorchestermd.gov,"Dorchester County, MD",73,200
whitleycountyfiscalcourt.com,"Whitley County, KY",62,200
pettiscomo.gov,"Pettis County, MO",80,200
mahoningcountyoh.gov,"Mahoning County, OH",78,200
shermancountyor.gov,"Sherman County, OR",76,200
lassencounty.gov,"Lassen County, CA",75,200
miamicountyks.gov,"Miami County, KS",78,200
columbiacountyny.gov,"Columbia County, NY",76,200
losalamosnm.gov,"Los Alamos County, NM",85,200
donaana.gov,"Doña Ana County, NM",81,200
collier.gov,"Collier County, FL",88,200
daggettcounty.gov,"Daggett County, UT",77,200
co.adams.wa.gov,"Adams County, WA",76,200
christiancountymo.gov,"Christian County, MO",89,200
adamscountyco.gov,"Adams County, CO",91,200
wicomicocounty.org,"Wicomico County, MD",71,200
wycowv.gov,"Wyoming County, WV",85,200
lake.sd.gov,"Lake County, SD",60,200
napacounty.gov,"Napa County, CA",75,200
yadkincountync.gov,"Yadkin County, NC",79,200
pulaskicounty.net,"Pulaski County, AR",76,200
greeleycounty.org,"Greeley County, KS",,995
pickawaycountyohio.gov,"Pickaway County, OH",71,200
sjbparish.gov,"St. John the Baptist Parish, LA",89,200
waynecountyutah.gov,"Wayne County, UT",76,200
co.richland.nd.us,"Richland County, ND",84,200
mariposacounty.gov,"Mariposa County, CA",75,200
prowersco.gov,"Prowers County, CO",81,200
sfcgov.org,"Saint Francois County, MO",78,200
mccookcountysd.gov,"McCook County, SD",79,200
mcconecountymt.gov,"McCone County, MT",80,200
bcohio.gov,"Butler County, OH",79,200
wetzelcountywv.gov,"Wetzel County, WV",92,200
columbiacountyfla.com,"Columbia County, FL",82,200
washcopa.gov,"Washington County, PA",79,200
nacogdochesco.gov,"Nacogdoches County, TX",84,200
bentoncountymn.gov,"Benton County, MN",73,200
stegencounty.gov,"Ste. Genevieve County, MO",84,200
co.mountrail.nd.us,"Mountrail County, ND",71,200
valleycountymt.gov,"Valley County, MT",77,200
mcpherson.sdcounty.gov,"McPherson County, SD",78,200
koochiching.gov,"Koochiching County, MN",78,200
stevenscountymn.gov,"Stevens County, MN",76,200
alpenacc.edu,"Alpena Community College",77,200
comalcounty.gov,"Comal County, TX",76,200
normanmn.gov,"Norman County, MN",86,200
polkcountyor.gov,"Polk County, OR",75,200
oswego.edu,"State University of New York at Oswego",82,200
co.grant.wi.gov,"Grant County, WI",83,200
toddcountymn.gov,"Todd County, MN",81,200
kpb.us,"Kenai Peninsula Borough, AK",61,200
delawarecounty.in.gov,"Delaware County, IN",90,200
new.unca.edu,"University of North Carolina Asheville",95,200
srs.gov,"Department of Energy",89,200
welcome.solano.edu,"Solano Community College",84,200
web.uri.edu,"University of Rhode Island",84,200
freeborncountymn.gov,"Freeborn County, MN",73,200
leacounty.gov,"Lea County, NM",81,200
holtcountymo.gov,"Holt County, MO",78,200
web.musc.edu,"Medical University of South Carolina",91,200
erie.gov,"Erie County, NY",84,200
redlakecounty.gov,"Red Lake County, MN",69,200
onondaga.gov,"Onondaga County, NY",91,200
calhouncotx.org,"Calhoun County, TX",88,200
meekercountymn.gov,"Meeker County, MN",76,200
gilmercounty.wv.gov,"",64,200
williamscountyoh.gov,"Williams County, OH",78,200
fayettecounty.wv.gov,"",68,200
montgomerycountypa.gov,"Montgomery County, PA",83,200
polkga.org,"Polk County, GA",67,200
essexcountyny.gov,"Essex County, NY",79,200
co.tishomingo.ms.us,"Tishomingo County, MS",88,200
citytech.cuny.edu,"CUNY New York City College of Technology",82,200
monroecountyil.gov,"Monroe County, IL",77,200
klickitatcounty.gov,"Klickitat County, WA",72,200
ecsu.edu,"Elizabeth City State University",93,200
swcollege.edu,"Sisseton Wahpeton College",,995
cowleycountyks.gov,"Cowley County, KS",77,200
siu.edu,"Southern Illinois University-Carbondale",86,200
co.newton.tx.us,"Newton County, TX",69,200
leakecountyms.org,"Leake County, MS",86,200
scottcountyks.com,"Scott County, KS",66,200
psu.edu,"Pennsylvania State University-Main Campus",86,200
waterbury.uconn.edu,"University of Connecticut-Waterbury Campus",83,200
putnamcountytn.gov,"Putnam County, TN",80,200
msu.edu,"Michigan State University",76,200
dixoncountyne.gov,"Dixon County, NE",83,200
randolphcounty-mo.com,"Randolph County, MO",97,200
floydco.iowa.gov,"Floyd County, IA",74,200
anokacountymn.gov,"Anoka County, MN",77,200
cmich.edu,"Central Michigan University",83,200
ecu.edu,"East Carolina University",91,200
garlandcounty.org,"Garland County, AR",77,200
capemaycountynj.gov,"Cape May County, NJ",73,200
warrencountyky.gov,"Warren County, KY",84,200
staffordcounty.org,"Stafford County, KS",84,200
nmt.edu,"New Mexico Institute of Mining and Technology",83,200
obioncountytn.gov,"Obion County, TN",62,200
mathewscountyva.gov,"Mathews County, VA",78,200
paynecounty.org,"Payne County, OK",85,200
orangecountync.gov,"Orange County, NC",76,200
lucascounty.iowa.gov,"Lucas County, IA",77,200
estillky.com,"Estill County, KY",81,200
sdsmt.edu,"",85,200
cariboucounty.us,"Caribou County, ID",66,200
temple.edu,"Temple University",86,200
frc.edu,"Feather River Community College District",81,200
frederickcountymd.gov,"Frederick County, MD",73,200
chippewacountymi.gov,"Chippewa County, MI",87,200
scsu.edu,"South Carolina State University",79,200
odessa.edu,"Odessa College",,995
meadecounty.org,"Meade County, SD",76,200
co.cheshire.nh.us,"Cheshire County, NH",86,200
meriwethercountyga.gov,"Meriwether County, GA",73,200
hidalgocounty.org,"Hidalgo County, NM",66,200
darcosc.com,"Darlington County, SC",74,200
osagecountygov.com,"Osage County, MO",62,200
co.tyler.tx.us,"Tyler County, TX",69,200
rhodesstate.edu,"James A. Rhodes State College",87,200
dubuquecountyiowa.gov,"Dubuque County, IA",77,200
cncoks.us,"Cheyenne County, KS",82,200
jeffersoncountyga.gov,"Jefferson County, GA",67,200
pottawatomiecountyok.gov,"Pottawatomie County, OK",75,200
noblecountyok.com,"Noble County, OK",61,200
usu.edu,"Utah State University",83,200
altoona.psu.edu,"Pennsylvania State University-Penn State Altoona",88,200
carrollcountyil.gov,"Carroll County, IL",70,200
lancastercountysc.gov,"Lancaster County, SC",75,200
duplinnc.gov,"Duplin County, NC",75,200
co.nezperce.id.us,"Nez Perce County, ID",73,200
ccmsgov.us,"Claiborne County, MS",83,200
cotc.edu,"Central Ohio Technical College",91,200
lincolncountymaine.me,"Lincoln County, ME",79,200
delaware.okcounties.org,"Delaware County, OK",76,200
pikespeak.edu,"Pikes Peak State College",76,200
natronacounty-wy.gov,"Natrona County, WY",70,200
uhcl.edu,"University of Houston-Clear Lake",81,200
whitfieldcountyga.com,"Whitfield County, GA",75,200
franklincountyidaho.org,"Franklin County, ID",75,200
franklincountyia.gov,"Franklin County, IA",74,200
mdc.edu,"Miami Dade College",90,200
tippecanoe.in.gov,"Tippecanoe County, IN",76,200
newtoncountymo.com,"Newton County, MO",82,200
laniercountyboc.com,"",63,200
washingtoncountytn.org,"Washington County, TN",75,200
co.martin.mn.us,"Martin County, MN",71,200
carboncountywy.gov,"Carbon County, WY",76,200
edgarcountyillinois.com,"Edgar County, IL",86,200
duboiscountyin.org,"Dubois County, IN",77,200
twin-cities.umn.edu,"University of Minnesota-Twin Cities",94,200
cedarcounty.iowa.gov,"Cedar County, IA",82,200
gilliamcountyor.gov,"Gilliam County, OR",71,200
co.mineral.mt.us,"Mineral County, MT",81,200
co.leon.tx.us,"Leon County, TX",72,200
cachecounty.gov,"Cache County, UT",77,200
johnsoncounty.ne.gov,"Johnson County, NE",75,200
sjgov.org,"San Joaquin County, CA",76,200
garrardcountyky.gov,"Garrard County, KY",87,200
unmc.edu,"University of Nebraska Medical Center",88,200
nsu.edu,"Norfolk State University",75,200
shiawassee.net,"Shiawassee County, MI",88,200
waynecounty.iowa.gov,"Wayne County, IA",83,200
salinecountyks.gov,"Saline County, KS",76,200
ccga.edu,"College of Coastal Georgia",82,200
muscatinecountyiowa.gov,"Muscatine County, IA",78,200
lsu.edu,"Louisiana State University and Agricultural & Mechanical College",78,200
hendersoncountyky.gov,"Henderson County, KY",76,200
waynecountypa.gov,"Wayne County, PA",75,200
co.robertson.tx.us,"Robertson County, TX",71,200
marioncountywv.com,"Marion County, WV",74,200
putnamcountyga.us,"Putnam County, GA",74,200
westpoint.edu,"United States Military Academy",78,200
pinecountymn.gov,"Pine County, MN",76,200
nhcgov.com,"New Hanover County, NC",83,200
guadalupetx.gov,"Guadalupe County, TX",69,200
belmontcountycommissioners.com,"Belmont County, OH",73,200
harrisoncounty.iowa.gov,"Harrison County, IA",69,200
co.chelan.wa.us,"Chelan County, WA",67,200
co.stephens.tx.us,"Stephens County, TX",76,200
skc.edu,"Salish Kootenai College",90,200
yatescountyny.gov,"Yates County, NY",72,200
cameroncountytx.gov,"Cameron County, TX",,995
tiptonco.com,"Tipton County, TN",82,200
ramapo.edu,"Ramapo College of New Jersey",88,200
rushcounty.in.gov,"Rush County, IN",78,200
csi.cuny.edu,"College of Staten Island CUNY",81,200
dividecountynd.org,"Divide County, ND",65,200
wiu.edu,"Western Illinois University",75,200
clatsopcounty.gov,"Clatsop County, OR",75,200
sunypoly.edu,"SUNY Polytechnic Institute",81,200
dawescounty.ne.gov,"Dawes County, NE",84,200
adaircounty.ky.gov,"Adair County, KY",63,200
thurstoncountywa.gov,"Thurston County, WA",75,200
lincolncountywa.com,"Lincoln County, WA",73,200
sanjac.edu,"San Jacinto Community College",95,200
daviesscountymo.gov,"Daviess County, MO",81,200
rbc.us,"Rio Blanco County, CO",77,200
morrowcountyohio.gov,"Morrow County, OH",74,200
snydercounty.org,"Snyder County, PA",85,200
nortoncountyks.gov,"Norton County, KS",77,200
geauga.oh.gov,"Geauga County, OH",73,200
co.highland.oh.us,"Highland County, OH",70,200
co.shelby.tx.us,"Shelby County, TX",75,200
claycounty.wv.gov,"Clay County, WV",62,200
sullivanny.gov,"Sullivan County, NY",73,200
co.ward.tx.us,"Ward County, TX",72,200
umw.edu,"University of Mary Washington",90,200
logancountyky.gov,"Logan County, KY",73,200
bacacountyco.gov,"Baca County, CO",77,200
unr.edu,"University of Nevada-Reno",93,200
newtoncountyga.gov,"Newton County, GA",74,200
neoshocountyks.org,"Neosho County, KS",75,200
rockislandcountyil.gov,"Rock Island County, IL",73,200
stockton.edu,"Stockton University",84,200
latimer.okcounties.org,"Latimer County, OK",71,200
seminolestate.edu,"Seminole State College of Florida",84,200
stillwatercountymt.gov,"Stillwater County, MT",74,200
wpgov.org,"Washington Parish, LA",71,200
abington.psu.edu,"Pennsylvania State University-Penn State Abington",87,200
uvaldecounty.gov,"Uvalde County, TX",88,200
skagit.edu,"Skagit Valley College",78,200
mononacountyiowa.gov,"Monona County, IA",73,200
worthcountyiowa.gov,"Worth County, IA",73,200
gordonstate.edu,"Gordon State College",74,200
cf.edu,"College of Central Florida",81,200
gallatinmt.gov,"Gallatin County, MT",76,200
madisoncollege.edu,"Madison Area Technical College",95,200
jeffersoncountyms.com,"Jefferson County, MS",79,200
co.swisher.tx.us,"Swisher County, TX",72,200
oconeecountyga.gov,"Oconee County, GA",71,200
martincounty.ky.gov,"Martin County, KY",71,200
co.terry.tx.us,"Terry County, TX",77,200
claibornecountytn.gov,"Claiborne County, TN",74,200
howardcounty.ne.gov,"Howard County, NE",81,200
tvcc.edu,"Trinity Valley Community College",85,200
co.sanders.mt.us,"Sanders County, MT",75,200
covingtoncountyms.gov,"Covington County, MS",73,200
morrillcountyne.gov,"Morrill County, NE",82,200
wycokck.org,"Wyandotte County, KS",90,200
edisonohio.edu,"Edison State Community College",81,200
ghc.edu,"Grays Harbor College",78,200
hancockcountytn.com,"Hancock County, TN",75,200
stclaircounty.org,"Saint Clair County, MI",70,200
holtcounty.nebraska.gov,"Holt County, NE",78,200
sjcfl.us,"Saint Johns County, FL",82,200
scranton.psu.edu,"Pennsylvania State University-Penn State Scranton",88,200
mcohio.org,"Montgomery County, OH",71,200
cps.unh.edu,"",87,200
co.platte.mo.us,"Platte County, MO",75,200
mesacounty.us,"Mesa County, CO",82,200
bhsu.edu,"Black Hills State University",95,200
co.hall.tx.us,"Hall County, TX",75,200
jeffco.us,"Jefferson County, CO",74,200
warecountyga.gov,"Ware County, GA",82,200
antelopecounty.nebraska.gov,"Antelope County, NE",81,200
champaigncountyil.gov,"Champaign County, IL",73,200
co.hockley.tx.us,"Hockley County, TX",76,200
boonecountyar.com,"Boone County, AR",82,200
ecok.edu,"East Central University",89,200
nortonva.gov,"Norton, VA",70,200
cms.leoncountyfl.gov,"Leon County, FL",82,200
monocounty.ca.gov,"Mono County, CA",79,200
copiahcountyms.gov,"Copiah County, MS",86,200
tamucc.edu,"Texas A & M University-Corpus Christi",89,200
cumingcountyne.gov,"Cuming County, NE",86,200
fredericksburgva.gov,"Fredericksburg, VA",74,200
apsu.edu,"Austin Peay State University",82,200
hardincogov.com,"Hardin County, TN",83,200
sanduskycountyoh.gov,"Sandusky County, OH",77,200
utoledo.edu,"University of Toledo",,995
forrestcountyms.us,"Forrest County, MS",81,200
uncp.edu,"University of North Carolina at Pembroke",96,200
williamsoncounty-tn.gov,"Williamson County, TN",74,200
lander.edu,"Lander University",98,200
nowataok.gov,"Nowata County, OK",93,200
co.iron.wi.gov,"Iron County, WI",76,200
co.gaines.tx.us,"Gaines County, TX",72,200
bankscountyga.org,"Banks County, GA",75,200
harpercountyks.gov,"Harper County, KS",84,200
washingtoncounty.iowa.gov,"Washington County, IA",71,200
cumberlandcountytn.gov,"Cumberland County, TN",89,200
angelinacounty.net,"Angelina County, TX",68,200
barnwellcountysc.us,"Barnwell County, SC",73,200
jeffersoncounty-mt.gov,"Jefferson County, MT",91,200
logancountyil.gov,"Logan County, IL",63,200
statefundca.com,"State of California",88,200
dbw.parks.ca.gov,"State of California",86,200
cartercountyky.com,"Carter County, KY",65,200
co.forest.pa.us,"Forest County, PA",65,200
jeffersoncounty.nebraska.gov,"Jefferson County, NE",74,200
asurams.edu,"Albany State University",80,200
jcgov.us,"Jefferson County, ID",72,200
crawfordco.org,"Crawford County, MI",77,200
treutlencountygov.com,"Treutlen County, GA",68,200
uwsuper.edu,"University of Wisconsin-Superior",94,200
langston.edu,"Langston University",86,200
newkent-va.us,"New Kent County, VA",74,200
boylecountyky.gov,"Boyle County, KY",74,200
laporteco.in.gov,"LaPorte County, IN",83,200
saludacounty.sc.gov,"Saluda County, SC",74,200
westoahu.hawaii.edu,"University of Hawaii-West Oahu",87,200
co.maverick.tx.us,"Maverick County, TX",92,200
bristolbayboroughak.us,"Bristol Bay Borough, AK",71,200
manisteecountymi.gov,"Manistee County, MI",76,200
osceola-county.org,"Osceola County, MI",66,200
harlanonline.net,"Harlan County, KY",48,200
washconc.org,"Washington County, NC",81,200
isleofwight.gov,"Isle of Wight County, VA",70,200
charlesmixcounty.gov,"Charles Mix County, SD",90,200
jeromecountyid.us,"Jerome County, ID",71,200
lincolncountyok.org,"Lincoln County, OK",75,200
geneseo.edu,"SUNY College at Geneseo",88,200
nelsonco.org,"Nelson County, ND",72,200
keweenawcountyonline.org,"Keweenaw County, MI",72,200
ohiocountyin.gov,"Ohio County, IN",68,200
custercountysd.com,"Custer County, SD",82,200
colquittcountyga.gov,"Colquitt County, GA",65,200
newaygocountymi.gov,"Newaygo County, MI",83,200
bridgew.edu,"Bridgewater State University",89,200
okmulgeeonline.com,"Okmulgee County, OK",73,200
richlandcounty.illinois.gov,"Richland County, IL",82,200
knoxcountyne.gov,"Knox County, NE",83,200
msstate.edu,"Mississippi State University",86,200
tsu.edu,"Texas Southern University",93,200
jonescountyiowa.gov,"Jones County, IA",73,200
trousdalecountytn.gov,"Trousdale County, TN",71,200
co.lynn.tx.us,"Lynn County, TX",75,200
lamar.edu,"Lamar University",88,200
schleichercounty.gov,"Schleicher County, TX",75,200
stearnscountymn.gov,"Stearns County, MN",75,200
gvsu.edu,"Grand Valley State University",83,200
co.wallowa.or.us,"Wallowa County, OR",76,200
gloucesterva.gov,"Gloucester County, VA",88,200
linncountyiowa.gov,"Linn County, IA",73,200
prco.mt.gov,"Powder River County, MT",75,200
uttyler.edu,"The University of Texas at Tyler",81,200
webstercountykentucky.org,"Webster County, KY",85,200
garfieldcounty.ne.gov,"Garfield County, NE",83,200
co.limestone.tx.us,"Limestone County, TX",74,200
tacomacc.edu,"Tacoma Community College",75,200
westcog.org,"Western Connecticut Planning Region, CT",69,200
fortlewis.edu,"Fort Lewis College",75,200
daltonstate.edu,"Dalton State College",83,200
dekalbtennessee.com,"DeKalb County, TN",77,200
tazewellcountyva.org,"Tazewell County, VA",89,200
hardingcounty.org,"Harding County, NM",72,200
iroquoiscountyil.gov,"Iroquois County, IL",79,200
cypresscollege.edu,"Cypress College",74,200
charitonco.com,"Chariton County, MO",73,200
cptc.edu,"Clover Park Technical College",86,200
venangocountypa.gov,"Venango County, PA",76,200
osucascades.edu,"Oregon State University-Cascades Campus",91,200
co.patrick.va.us,"Patrick County, VA",75,200
mayes.okcounties.org,"Mayes County, OK",75,200
scotlandcountymo.org,"Scotland County, MO",84,200
chesco.org,"Chester County, PA",73,200
fayettecountyillinois.gov,"Fayette County, IL",90,200
halifaxcountyva.gov,"Halifax County, VA",76,200
schuylercounty.org,"Schuyler County, IL",83,200
nvcogct.gov,"Naugatuck Valley Planning Region, CT",79,200
jaycounty.net,"Jay County, IN",60,200
bartowcountyga.gov,"Bartow County, GA",72,200
co.pierce.wi.us,"Pierce County, WI",63,200
grafton-county.com,"Grafton County, NH",65,200
hettingercountynd.com,"Hettinger County, ND",77,200
livingstoncountymo.gov,"Livingston County, MO",81,200
co.forsyth.nc.us,"Forsyth County, NC",69,200
se.edu,"Southeastern Oklahoma State University",86,200
rcm.upr.edu,"University of Puerto Rico-Medical Sciences",,995
lawrencecounty.ky.gov,"Lawrence County, KY",75,200
co.northampton.va.us,"Northampton County, VA",74,200
morgancounty-il.com,"Morgan County, IL",72,200
muni.org,"Anchorage, AK",70,200
leecounty.ky.gov,"Lee County, KY",73,200
butlercounty.ky.gov,"Butler County, KY",66,200
morgancounty.ky.gov,"Morgan County, KY",68,200
bremercounty.iowa.gov,"Bremer County, IA",76,200
wheelercounty.ne.gov,"Wheeler County, NE",81,200
princegeorgecountyva.gov,"Prince George County, VA",72,200
earlycountyga.org,"Early County, GA",88,200
utpb.edu,"The University of Texas Permian Basin",79,200
woodburycountyiowa.gov,"Woodbury County, IA",74,200
dougherty.ga.us,"Dougherty County, GA",84,200
brunswickco.com,"Brunswick County, VA",70,200
leecova.com,"Lee County, VA",90,200
co.irion.tx.us,"Irion County, TX",76,200
websterparishla.org,"Webster Parish, LA",62,200
penobscot-county.net,"Penobscot County, ME",76,200
wwcc.edu,"Walla Walla Community College",87,200
dupagecounty.gov,"DuPage County, IL",75,200
colletoncounty.org,"Colleton County, SC",84,200
gbcnv.edu,"Great Basin College",83,200
grundycountytn.net,"Grundy County, TN",53,200
wilkinson.co.ms.gov,"Wilkinson County, MS",68,200
manoa.hawaii.edu,"University of Hawaii at Manoa",82,200
co.champaign.oh.us,"Champaign County, OH",58,200
ancollege.edu,"Aaniiih Nakoda College",87,200
trippcounty.us,"Tripp County, SD",77,200
taylorcountygov.com,"Taylor County, FL",76,200
hodgemancountyks.com,"Hodgeman County, KS",82,200
aransascountytx.gov,"Aransas County, TX",63,200
ship.edu,"Shippensburg University of Pennsylvania",89,200
rrcc.edu,"Red Rocks Community College",79,200
tamusa.edu,"Texas A&M University-San Antonio",81,200
ohiocounty.ky.gov,"Ohio County, KY",65,200
foardcounty.texas.gov,"Foard County, TX",81,200
morgan.edu,"Morgan State University",84,200
southeastern.edu,"Southeastern Louisiana University",95,200
co.warren.ms.us,"Warren County, MS",82,200
miamioh.edu,"Miami University-Oxford",90,200
beadlesd.org,"Beadle County, SD",73,200
charlescityva.us,"Charles City County, VA",72,200
whitecountytn.gov,"White County, TN",76,200
collincountytx.gov,"Collin County, TX",78,200
ricecountymn.gov,"Rice County, MN",76,200
carrollcountygov.us,"Carroll County, KY",85,200
jeffersoncountywi.gov,"Jefferson County, WI",77,200
countyofsb.org,"Santa Barbara County, CA",76,200
cfk.edu,"The College of the Florida Keys",89,200
co.san-jacinto.tx.us,"San Jacinto County, TX",72,200
kanecountyil.gov,"Kane County, IL",74,200
barnescounty.us,"Barnes County, ND",86,200
csub.edu,"California State University-Bakersfield",80,200
mtech.edu,"Montana Technological University",80,200
goldenvalleycountymt.org,"Golden Valley County, MT",77,200
islandcountywa.gov,"Island County, WA",77,200
western.edu,"Western Colorado University",93,200
putnamcountywv.gov,"Putnam County, WV",94,200
jerauldcountysd.com,"Jerauld County, SD",68,200
athens.edu,"Athens State University",93,200
carrollcountyga.gov,"Carroll County, GA",74,200
mckenziecountynd.gov,"McKenzie County, ND",89,200
cleburnecountyar.com,"Cleburne County, AR",87,200
miamidade.gov,"Miami-Dade County, FL",82,200
southflorida.edu,"South Florida State College",74,200
brcoks.org,"Brown County, KS",76,200
benhillcounty-ga.gov,"Ben Hill County, GA",73,200
wm.edu,"William & Mary",87,200
howardcountymd.gov,"Howard County, MD",81,200
millelacs.mn.gov,"Mille Lacs County, MN",73,200
bigstonecounty.gov,"Big Stone County, MN",75,200
ironcountymo.gov,"Iron County, MO",83,200
mccrearycounty.com,"McCreary County, KY",82,200
avc.edu,"Antelope Valley Community College District",72,200
hutchinsoncountysd.gov,"Hutchinson County, SD",79,200
co.wilbarger.tx.us,"Wilbarger County, TX",79,200
chamberscountytx.gov,"Chambers County, TX",78,200
orleanscountyny.gov,"Orleans County, NY",76,200
dewittcountyil.gov,"DeWitt County, IL",80,200
lauderdaletn.com,"Lauderdale County, TN",81,200
montana.edu,"Montana State University",66,200
co.reagan.tx.us,"Reagan County, TX",75,200
pawneecountyok.org,"Pawnee County, OK",86,200
madisoncountyfl.com,"Madison County, FL",78,200
bowiestate.edu,"Bowie State University",95,200
rockdalecountyga.gov,"Rockdale County, GA",82,200
vanburencountytn.com,"Van Buren County, TN",63,200
sc.edu,"University of South Carolina-Columbia",91,200
turner.sdcounties.org,"Turner County, SD",84,200
fayettecountyga.gov,"Fayette County, GA",81,200
co.dickens.tx.us,"Dickens County, TX",74,200
co.culberson.tx.us,"Culberson County, TX",78,200
blounttn.gov,"Blount County, TN",73,200
marshall-county.com,"Marshall County, MS",65,200
winona.edu,"Winona State University",72,200
yc.edu,"Yavapai College",72,200
humboldtcounty.iowa.gov,"Humboldt County, IA",80,200
coconino.az.gov,"Coconino County, AZ",75,200
uncfsu.edu,"Fayetteville State University",73,200
fillmorecountyne.gov,"Fillmore County, NE",80,200
jasperia.org,"Jasper County, IA",69,200
fortbendcountytx.gov,"Fort Bend County, TX",74,200
gratiotmi.com,"Gratiot County, MI",72,200
uidaho.edu,"University of Idaho",87,200
rileycountyks.gov,"Riley County, KS",74,200
co.cherokee.tx.us,"Cherokee County, TX",60,200
gilmercounty-ga.gov,"Gilmer County, GA",88,200
carltoncountymn.gov,"Carlton County, MN",76,200
maconcountytn.gov,"Macon County, TN",71,200
maconcountymo.com,"Macon County, MO",88,200
craftonhills.edu,"Crafton Hills College",76,200
uscupstate.edu,"University of South Carolina-Upstate",97,200
beavercountypa.gov,"Beaver County, PA",83,200
fayette.psu.edu,"Pennsylvania State University-Penn State Fayette- Eberly",85,200
wright.edu,"Wright State University-Main Campus",75,200
miamicountyohio.gov,"Miami County, OH",76,200
caddo.gov,"Caddo Parish, LA",81,200
grahamcounty.org,"Graham County, NC",67,200
cooscountynh.gov,"Coös County, NH",71,200
co.adams.id.us,"Adams County, ID",83,200
utsa.edu,"The University of Texas at San Antonio",81,200
shepherd.edu,"Shepherd University",71,200
cayey.upr.edu,"University of Puerto Rico at Cayey",78,200
comanchecountyok.gov,"Comanche County, OK",72,200
co.middlesex.va.us,"Middlesex County, VA",72,200
snco.gov,"Shawnee County, KS",78,200
uvi.edu,"University of the Virgin Islands",81,200
ashlandcountyoh.us,"Ashland County, OH",79,200
monroecounty-fl.gov,"Monroe County, FL",68,200
beaver.utah.gov,"Beaver County, UT",76,200
casscountymn.gov,"Cass County, MN",75,200
shoreline.edu,"Shoreline Community College",84,200
montgomerytn.gov,"Montgomery County, TN",75,200
claycountymo.gov,"Clay County, MO",72,200
lsuhs.edu,"Louisiana State University Health Sciences Center-Shreveport",83,200
labettecounty.com,"Labette County, KS",86,200
wsu.edu,"Washington State University",89,200
buffalo.edu,"University at Buffalo",75,200
ripleycounty.in.gov,"Ripley County, IN",93,200
vt.edu,"Virginia Polytechnic Institute and State University",77,200
cabellcounty.org,"Cabell County, WV",73,200
loraincountyohio.gov,"Lorain County, OH",76,200
co.motley.tx.us,"Motley County, TX",72,200
hansoncountysd.gov,"Hanson County, SD",76,200
overtoncountytn.gov,"Overton County, TN",80,200
wvc.edu,"Wenatchee Valley College",90,200
douglascountyil.gov,"Douglas County, IL",69,200
johnsoncowy.gov,"Johnson County, WY",79,200
vppj.org,"Vermilion Parish, LA",58,200
bannercountyne.gov,"Banner County, NE",75,200
wbcounty.org,"Wabaunsee County, KS",74,200
defiance-county.com,"Defiance County, OH",64,200
lpcgov.org,"La Plata County, CO",85,200
scottcountyar.com,"Scott County, AR",58,200
clark.sdcounties.org,"Clark County, SD",88,200
oneidacountyny.gov,"Oneida County, NY",88,200
johnsoncoky.com,"Johnson County, KY",74,200
moodycounty.net,"Moody County, SD",78,200
mccurtain.okcounties.org,"McCurtain County, OK",75,200
jeffdaviscounty.texas.gov,"Jeff Davis County, TX",70,200
carteretcountync.gov,"Carteret County, NC",77,200
co.presidio.tx.us,"Presidio County, TX",72,200
law.unh.edu,"University of New Hampshire-Franklin Pierce School of Law",88,200
owyheecounty.net,"Owyhee County, ID",85,200
clayconc.com,"Clay County, NC",90,200
casscountyia.gov,"Cass County, IA",69,200
tooeleco.gov,"Tooele County, UT",80,200
delmar.edu,"Del Mar College",78,200
webstercounty.ne.gov,"Webster County, NE",73,200
ilisagvik.edu,"Ilisagvik College",86,200
maurycounty-tn.gov,"Maury County, TN",76,200
floydcova.gov,"Floyd County, VA",84,200
bouldercounty.gov,"Boulder County, CO",79,200
madisoncountyne.gov,"Madison County, NE",91,200
marioncountyms.com,"Marion County, MS",64,200
scottcountymo.com,"Scott County, MO",72,200
pittsburg.okcounties.org,"Pittsburg County, OK",74,200
whitecounty-il.gov,"White County, IL",79,200
duchesne.utah.gov,"Duchesne County, UT",74,200
ohio.edu,"Ohio University-Main Campus",79,200
eriecountypa.gov,"Erie County, PA",76,200
hokecounty.net,"Hoke County, NC",74,200
ashecountygov.com,"Ashe County, NC",63,200
mccormickcountysc.org,"McCormick County, SC",65,200
madisoncounty.iowa.gov,"Madison County, IA",75,200
co.pickens.sc.us,"Pickens County, SC",75,200
clarkcountyar.gov,"Clark County, AR",69,200
co.jackson.tx.us,"Jackson County, TX",78,200
unk.edu,"University of Nebraska at Kearney",76,200
lamarcountyms.gov,"Lamar County, MS",67,200
wallacecountyks.gov,"Wallace County, KS",74,200
buenavistacounty.iowa.gov,"Buena Vista County, IA",79,200
pnw.edu,"Purdue University Northwest",91,200
desotoppj.com,"DeSoto Parish, LA",74,200
stfranciscountyar.gov,"St. Francis County, AR",77,200
cumberlandcoil.gov,"Cumberland County, IL",75,200
knoxfiscalcourt.com,"Knox County, KY",64,200
coppin.edu,"Coppin State University",78,200
co.cass.tx.us,"Cass County, TX",70,200
sumtercountyfl.gov,"Sumter County, FL",75,200
lincolncountytn.gov,"Lincoln County, TN",69,200
sjrstate.edu,"Saint Johns River State College",84,200
landercountynv.org,"Lander County, NV",67,200
jeffersoncountyny.gov,"Jefferson County, NY",77,200
bentoncountywa.gov,"Benton County, WA",71,200
hocking.oh.gov,"Hocking County, OH",79,200
wc.edu,"Weatherford College",91,200
carbonmt.gov,"Carbon County, MT",85,200
susqco.com,"Susquehanna County, PA",80,200
essexcountyvermont.gov,"Essex County, VT",82,200
madisoncountyil.gov,"Madison County, IL",72,200
mercercountyil.org,"Mercer County, IL",75,200
niu.edu,"Northern Illinois University",94,200
monroecounty.gov,"Monroe County, NY",70,200
casscountymi.org,"Cass County, MI",71,200
calhouncounty.sc.gov,"Calhoun County, SC",73,200
craigcountyva.gov,"Craig County, VA",78,200
richcounty.gov,"Rich County, UT",88,200
metromoorecounty.org,"Moore County, TN",74,200
botetourtva.gov,"Botetourt County, VA",76,200
canadiancounty.org,"Canadian County, OK",75,200
jacksongov.org,"Jackson County, MO",84,200
marshallcountywv.gov,"Marshall County, WV",87,200
lafourchegov.org,"Lafourche Parish, LA",68,200
lincolncountysd.gov,"Lincoln County, SD",77,200
hancockcountywv.org,"Hancock County, WV",78,200
lewiscountywa.gov,"Lewis County, WA",89,200
southeast.iu.edu,"Indiana University-Southeast",93,200
co.franklin.tx.us,"Franklin County, TX",68,200
coffeecountytn.gov,"Coffee County, TN",74,200
adamscountyoh.gov,"Adams County, OH",79,200
beaufortcountysc.gov,"Beaufort County, SC",70,200
weakleycountytn.gov,"Weakley County, TN",83,200
rensco.com,"Rensselaer County, NY",71,200
co.marion.oh.us,"Marion County, OH",63,200
ironmi.com,"Iron County, MI",85,200
swosu.edu,"Southwestern Oklahoma State University",74,200
jodaviesscountyil.gov,"Jo Daviess County, IL",78,200
gravescounty.ky.gov,"Graves County, KY",70,200
north-slope.org,"North Slope Borough, AK",77,200
co.lee.tx.us,"Lee County, TX",71,200
ks283.cichosting.com,"Marshall County, KS",63,200
northwest.iu.edu,"Indiana University-Northwest",95,200
monroecounty.ky.gov,"Monroe County, KY",68,200
screvencountyboc.com,"Screven County, GA",81,200
ucla.edu,"University of California-Los Angeles",88,200
spokanecounty.gov,"Spokane County, WA",67,200
custercountymt.gov,"Custer County, MT",83,200
uta.edu,"The University of Texas at Arlington",89,200
stamford.uconn.edu,"University of Connecticut-Stamford",85,200
cloudcountyks.org,"Cloud County, KS",79,200
isabellacounty.org,"Isabella County, MI",77,200
winstoncountyms.org,"Winston County, MS",75,200
jenkinscountyga.com,"Jenkins County, GA",76,200
robertscosd.gov,"Roberts County, SD",89,200
jacksoncountygov.com,"Jackson County, GA",71,200
milamcounty.net,"Milam County, TX",71,200
mssu.edu,"Missouri Southern State University",78,200
polkcountymo.gov,"Polk County, MO",76,200
co.deaf-smith.tx.us,"Deaf Smith County, TX",74,200
ironcountyut.gov,"Iron County, UT",84,200
randolphcountyga.com,"Randolph County, GA",69,200
uprag.edu,"University of Puerto Rico-Aguadilla",79,200
marioncountytn.net,"Marion County, TN",88,200
blaine.okcounties.org,"Blaine County, OK",71,200
huroncounty-oh.gov,"Huron County, OH",72,200
storeycounty.org,"Storey County, NV",74,200
uclawsf.edu,"University of California College of the Law-San Francisco",88,200
lawrencecounty.in.gov,"Lawrence County, IN",79,200
pdx.edu,"Portland State University",87,200
ttu.edu,"Texas Tech University",75,200
und.edu,"University of North Dakota",94,200
utc.edu,"The University of Tennessee-Chattanooga",82,200
buchanancountyvirginia.gov,"Buchanan County, VA",79,200
uprb.edu,"University of Puerto Rico-Bayamon",77,200
stjosephcountymi.gov,"Saint Joseph County, MI",88,200
jacksoncountyor.gov,"Jackson County, OR",89,200
dallascounty.org,"Dallas County, TX",66,200
charltoncountyga.us,"Charlton County, GA",75,200
vcu.edu,"Virginia Commonwealth University",91,200
benewahcountyid.gov,"Benewah County, ID",75,200
sangamonil.gov,"Sangamon County, IL",74,200
allencountykentucky.com,"Allen County, KY",80,200
bakercountyga.com,"Baker County, GA",84,200
randolphctywv.gov,"Randolph County, WV",91,200
bmcc.edu,"Bay Mills Community College",89,200
nmc.edu,"Northwestern Michigan College",76,200
pawneecountyne.gov,"Pawnee County, NE",81,200
bismarckstate.edu,"Bismarck State College",86,200
borough.ketchikan.ak.us,"Ketchikan Gateway Borough, AK",73,200
vanburencounty.iowa.gov,"Van Buren County, IA",80,200
sebastiancountyar.gov,"Sebastian County, AR",74,200
epcounty.com,"El Paso County, TX",76,200
fultoncountyil.gov,"Fulton County, IL",90,200
hartcounty.ky.gov,"Hart County, KY",65,200
co.clinton.oh.us,"Clinton County, OH",72,200
oceana.mi.us,"Oceana County, MI",90,200
unm.edu,"University of New Mexico-Main Campus",76,200
csuohio.edu,"Cleveland State University",81,200
butlercounty.iowa.gov,"Butler County, IA",70,200
mcintoshcountyga.com,"McIntosh County, GA",72,200
desu.edu,"Delaware State University",83,200
uml.edu,"University of Massachusetts-Lowell",82,200
csupueblo.edu,"Colorado State University Pueblo",80,200
co.gray.tx.us,"Gray County, TX",75,200
pendercountync.gov,"Pender County, NC",77,200
fayette-co-oh.com,"Fayette County, OH",70,200
masoncountywv.gov,"Mason County, WV",71,200
burtcountyne.gov,"Burt County, NE",81,200
alexandercounty.illinois.gov,"Alexander County, IL",83,200
monongaliacounty.gov,"Monongalia County, WV",73,200
heardcountyga.com,"Heard County, GA",61,200
rooseveltcountymt.gov,"Roosevelt County, MT",82,200
lackawannacounty.org,"Lackawanna County, PA",65,200
burkecounty-ga.gov,"Burke County, GA",78,200
morgancc.edu,"Morgan Community College",77,200
co.gonzales.tx.us,"Gonzales County, TX",74,200
rawlinscounty.org,"Rawlins County, KS",77,200
co.concho.tx.us,"Concho County, TX",73,200
hayscountytx.gov,"Hays County, TX",77,200
marioncounty.arkansas.gov,"Marion County, AR",93,200
warrencountyil.gov,"Warren County, IL",86,200
co.moore.tx.us,"Moore County, TX",69,200
kutztown.edu,"Kutztown University of Pennsylvania",85,200
myokaloosa.com,"Okaloosa County, FL",70,200
goochlandva.us,"Goochland County, VA",74,200
burkecountynd.com,"Burke County, ND",83,200
co.menard.tx.us,"Menard County, TX",71,200
keokukcounty.iowa.gov,"Keokuk County, IA",78,200
behrend.psu.edu,"Pennsylvania State University-Penn State Erie-Behrend College",88,200
grantcountyne.gov,"Grant County, NE",83,200
petroleumcountymt.org,"Petroleum County, MT",79,200
mscok.edu,"Murray State College",83,200
throckmortoncounty.org,"Throckmorton County, TX",77,200
yellowstonecountymt.gov,"Yellowstone County, MT",78,200
grant.okcounties.org,"Grant County, OK",72,200
visitmonmouth.com,"Monmouth County, NJ",72,200
whitepinecounty.net,"White Pine County, NV",71,200
lawrencecountymo.org,"Lawrence County, MO",91,200
smith-county.com,"Smith County, TX",72,200
dodgecountymn.gov,"Dodge County, MN",71,200
unco.edu,"University of Northern Colorado",87,200
doddridgecountywv.gov,"Doddridge County, WV",82,200
co.wyandot.oh.us,"Wyandot County, OH",72,200
highlandsfl.gov,"Highlands County, FL",73,200
sublettecountywy.gov,"Sublette County, WY",71,200
usm.maine.edu,"University of Southern Maine",92,200
thomson-mcduffie.gov,"McDuffie County, GA",77,200
plattecountywyoming.com,"Platte County, WY",70,200
westernwyoming.edu,"Western Wyoming Community College",81,200
noblecountyohio.gov,"Noble County, OH",83,200
sac.edu,"Santa Ana College",82,200
cedarcountymo.gov,"Cedar County, MO",69,200
columbiabasin.edu,"Columbia Basin College",75,200
winthrop.edu,"Winthrop University",79,200
pittstate.edu,"Pittsburg State University",87,200
taylorcountyga.com,"Taylor County, GA",72,200
edgecombecountync.gov,"Edgecombe County, NC",71,200
tetoncountywy.gov,"Teton County, WY",72,200
sfcollege.edu,"Santa Fe College",88,200
shelbycountytn.gov,"Shelby County, TN",76,200
co.huron.mi.us,"Huron County, MI",88,200
pembinacountynd.gov,"Pembina County, ND",86,200
gradycountyga.gov,"Grady County, GA",75,200
pikecountymo.net,"Pike County, MO",89,200
uwyo.edu,"University of Wyoming",89,200
sargentnd.com,"Sargent County, ND",69,200
marshall.edu,"Marshall University",92,200
umkc.edu,"University of Missouri-Kansas City",93,200
valenciacollege.edu,"Valencia College",83,200
columbianacounty.org,"Columbiana County, OH",63,200
saccounty.gov,"Sacramento County, CA",79,200
lakecountyil.gov,"Lake County, IL",78,200
bannockcounty.gov,"Bannock County, ID",68,200
turnercountygeorgia.com,"Turner County, GA",62,200
iastate.edu,"Iowa State University",85,200
sccmo.org,"Saint Charles County, MO",76,200
blueearthcountymn.gov,"Blue Earth County, MN",75,200
co.stokes.nc.us,"Stokes County, NC",67,200
longwood.edu,"Longwood University",,995
millercountymo.gov,"Miller County, MO",68,200
hamiltoncountyohio.gov,"Hamilton County, OH",81,200
fayettecountypa.org,"Fayette County, PA",74,200
crawfordcountywi.gov,"Crawford County, WI",79,200
wfparish.org,"West Feliciana Parish, LA",88,200
morrisoncountymn.gov,"Morrison County, MN",77,200
austincounty.com,"Austin County, TX",68,200
daviess.org,"Daviess County, IN",75,200
co.roberts.tx.us,"Roberts County, TX",71,200
attalacounty.net,"Attala County, MS",67,200
norfolkcounty.org,"Norfolk County, MA",69,200
ferris.edu,"Ferris State University",91,200
uamont.edu,"University of Arkansas at Monticello",85,200
warrencountync.com,"Warren County, NC",74,200
goodingcounty.org,"Gooding County, ID",71,200
johnstonnc.gov,"Johnston County, NC",90,200
russellcountykansas.com,"Russell County, KS",73,200
chautauquacountyny.gov,"Chautauqua County, NY",73,200
gearupunionsc.com,"Union County, SC",74,200
clevelandcountyok.com,"Cleveland County, OK",78,200
uoregon.edu,"University of Oregon",80,200
taneycounty.org,"Taney County, MO",72,200
charleston.edu,"College of Charleston",86,200
richlandcountyoh.gov,"Richland County, OH",78,200
indianacountypa.gov,"Indiana County, PA",82,200
co.lavaca.tx.us,"Lavaca County, TX",72,200
goodhuecountymn.gov,"Goodhue County, MN",83,200
frontrange.edu,"Front Range Community College",85,200
clarkstate.edu,"Clark State College",91,200
pensacolastate.edu,"Pensacola State College",88,200
oakland.edu,"Oakland University",82,200
burnetcountytexas.org,"Burnet County, TX",75,200
greenecounty.arkansas.gov,"Greene County, AR",93,200
cabarruscounty.us,"Cabarrus County, NC",86,200
ocmi.us,"Ogemaw County, MI",71,200
marinettecountywi.gov,"Marinette County, WI",76,200
johnston.okcounties.org,"Johnston County, OK",71,200
co.camp.tx.us,"Camp County, TX",72,200
uvawise.edu,"University of Virginia's College at Wise",79,200
uscb.edu,"University of South Carolina Beaufort",86,200
co.trempealeau.wi.us,"Trempealeau County, WI",77,200
flex.wisconsin.edu,"University of Wisconsin-Parkside Flex",91,200
uky.edu,"University of Kentucky",86,200
fultoncountyny.gov,"Fulton County, NY",76,200
colostate.edu,"Colorado State University-Fort Collins",90,200
cassia.gov,"Cassia County, ID",78,200
golincolnms.com,"Lincoln County, MS",63,200
lowercolumbia.edu,"Lower Columbia College",83,200
houstoncountyga.gov,"Houston County, GA",67,200
co.jones.tx.us,"Jones County, TX",74,200
cumberlandcountync.gov,"Cumberland County, NC",73,200
nccu.edu,"North Carolina Central University",75,200
tarleton.edu,"Tarleton State University",87,200
caswellcountync.gov,"Caswell County, NC",88,200
jacksoncounty.in.gov,"Jackson County, IN",68,200
mcintosh.okcounties.org,"McIntosh County, OK",72,200
sciotocountyoh.com,"Scioto County, OH",73,200
lawrencecountytn.gov,"Lawrence County, TN",79,200
aacounty.org,"Anne Arundel County, MD",79,200
kent.edu,"Kent State University at Kent",,995
jacksonparishpolicejury.org,"Jackson Parish, LA",73,200
smc.edu,"Santa Monica College",85,200
columbusstate.edu,"Columbus State University",91,200
uppj.org,"Union Parish, LA",76,200
phelpscounty.ne.gov,"Phelps County, NE",75,200
bedfordcountypa.org,"Bedford County, PA",77,200
purdue.edu,"Purdue University-Main Campus",97,200
qc.cuny.edu,"CUNY Queens College",78,200
shelbycounty.ky.gov,"Shelby County, KY",67,200
williamsnd.com,"Williams County, ND",83,200
pikepa.org,"Pike County, PA",70,200
harveycounty.gov,"Harvey County, KS",85,200
madison-co.com,"Madison County, MS",60,200
scf.edu,"State College of Florida-Manatee-Sarasota",91,200
randallcounty.gov,"Randall County, TX",77,200
mnsu.edu,"Minnesota State University-Mankato",88,200
polkcounty.nebraska.gov,"Polk County, NE",73,200
hopkinscounty.ky.gov,"Hopkins County, KY",68,200
msubillings.edu,"Montana State University Billings",76,200
pennco.org,"Pennington County, SD",72,200
wvsom.edu,"West Virginia School of Osteopathic Medicine",83,200
garfieldcountymt.gov,"Garfield County, MT",81,200
perrycountyms.gov,"Perry County, MS",79,200
perrycoarkansas.org,"Perry County, AR",59,200
simpsoncountyky.gov,"Simpson County, KY",85,200
shoshonecounty.id.gov,"Shoshone County, ID",77,200
wnc.edu,"Western Nevada College",80,200
kitsap.gov,"Kitsap County, WA",85,200
custercountyne.gov,"Custer County, NE",83,200
ysu.edu,"Youngstown State University",75,200
kodiakak.us,"Kodiak Island Borough, AK",73,200
mjc.edu,"Modesto Junior College",83,200
catawbacountync.gov,"Catawba County, NC",76,200
smcm.edu,"St. Mary's College of Maryland",89,200
uis.edu,"University of Illinois Springfield",81,200
montcalm.us,"Montcalm County, MI",75,200
warrickcounty.gov,"Warrick County, IN",84,200
csustan.edu,"California State University-Stanislaus",77,200
mtsu.edu,"Middle Tennessee State University",88,200
elkcountyks.org,"Elk County, KS",70,200
meigscounty.org,"Meigs County, TN",78,200
redwillowcountyne.gov,"Red Willow County, NE",81,200
cartercountyok.us,"Carter County, OK",67,200
allamakeecounty.iowa.gov,"Allamakee County, IA",83,200
ritchiecounty.wv.gov,"Ritchie County, WV",64,200
newberrycounty.gov,"Newberry County, SC",79,200
co.nolan.tx.us,"Nolan County, TX",71,200
harrisburg.psu.edu,"Pennsylvania State University-Penn State Harrisburg",87,200
montcounty.org,"Montmorency County, MI",80,200
franklincountymaine.gov,"Franklin County, ME",85,200
collin.edu,"Collin County Community College District",85,200
co.lampasas.tx.us,"Lampasas County, TX",73,200
hscounty.com,"Hot Springs County, WY",66,200
plumascounty.us,"Plumas County, CA",73,200
clarkcountynv.gov,"Clark County, NV",85,200
hickmancountytn.gov,"Hickman County, TN",85,200
carrollcountyms.org,"Carroll County, MS",61,200
atlm.edu,"Atlanta Metropolitan State College",76,200
ku.edu,"University of Kansas",97,200
montevallo.edu,"University of Montevallo",86,200
missouri.edu,"University of Missouri-Columbia",82,200
franklincountync.gov,"Franklin County, NC",74,200
metrostate.edu,"Metropolitan State University",89,200
ucsb.edu,"University of California-Santa Barbara",83,200
hardeecountyfl.gov,"Hardee County, FL",79,200
berkspa.gov,"Berks County, PA",79,200
dccoks.org,"Decatur County, KS",79,200
bigbend.edu,"Big Bend Community College",85,200
woodcountywv.com,"Wood County, WV",90,200
gov.allconet.org,"Allegany County, MD",75,200
inyocounty.us,"Inyo County, CA",73,200
casscountyne.gov,"Cass County, NE",80,200
craigheadcountyar.gov,"Craighead County, AR",84,200
lsus.edu,"Louisiana State University-Shreveport",77,200
baconcounty.org,"Bacon County, GA",67,200
camdencountymo.gov,"Camden County, MO",72,200
hawkinsville-pulaski.org,"Pulaski County, GA",72,200
kalcounty.gov,"Kalamazoo County, MI",72,200
chathamcountyga.gov,"Chatham County, GA",70,200
leegov.com,"Lee County, FL",74,200
lakecountymi.gov,"Lake County, MI",72,200
brookecountywv.gov,"Brooke County, WV",72,200
webstercounty.wv.gov,"Webster County, WV",64,200
pitt.edu,"University of Pittsburgh-Pittsburgh Campus",85,200
famu.edu,"Florida Agricultural and Mechanical University",73,200
uga.edu,"University of Georgia",80,200
arthurcounty.nebraska.gov,"Arthur County, NE",80,200
co.mcculloch.tx.us,"McCulloch County, TX",68,200
allencountyohio.com,"Allen County, OH",79,200
dinecollege.edu,"Dine College",85,200
goshencountywy.gov,"Goshen County, WY",76,200
louisacounty.gov,"Louisa County, VA",74,200
angelo.edu,"Angelo State University",90,200
sfasu.edu,"Stephen F Austin State University",81,200
gilescountytn.gov,"Giles County, TN",90,200
uwm.edu,"University of Wisconsin-Milwaukee",87,200
nemahacountyne.gov,"Nemaha County, NE",83,200
chemungcountyny.gov,"Chemung County, NY",73,200
lakecountyca.gov,"Lake County, CA",75,200
dawsoncountyne.gov,"Dawson County, NE",80,200
clintoncomo.org,"Clinton County, MO",87,200
stlandrypg.org,"St. Landry Parish, LA",80,200
osbornecounty.org,"Osborne County, KS",57,200
fairfaxcounty.gov,"Fairfax County, VA",71,200
ucmo.edu,"University of Central Missouri",71,200
buckinghamcountyva.org,"Buckingham County, VA",67,200
harlancounty.ne.gov,"Harlan County, NE",81,200
ewu.edu,"Eastern Washington University",91,200
averycountync.gov,"Avery County, NC",71,200
cerrogordo.gov,"Cerro Gordo County, IA",77,200
marshall.okcounties.org,"Marshall County, OK",77,200
cherokeecountyga.gov,"Cherokee County, GA",73,200
co.shelby.oh.us,"Shelby County, OH",79,200
pfw.edu,"Purdue University Fort Wayne",89,200
co.umatilla.or.us,"Umatilla County, OR",78,200
vintoncounty.com,"Vinton County, OH",80,200
csun.edu,"California State University-Northridge",80,200
sagadahoccountyme.gov,"Sagadahoc County, ME",80,200
greencounty.ky.gov,"Green County, KY",70,200
neccog.org,"Northeastern Connecticut Planning Region, CT",77,200
clark.edu,"Clark College",78,200
wsc.edu,"Wayne State College",88,200
wirtcounty.wv.gov,"Wirt County, WV",65,200
ccd.edu,"Community College of Denver",84,200
masoncountyil.gov,"Mason County, IL",91,200
co.mitchell.tx.us,"Mitchell County, TX",79,200
berks.psu.edu,"Pennsylvania State University-Penn State Berks",88,200
jewellcountykansas.net,"Jewell County, KS",85,200
nhsc.edu,"Nueta Hidatsa Sahnish College",79,200
bureaucounty-il.gov,"Bureau County, IL",77,200
wytheco.org,"Wythe County, VA",71,200
sharkeycounty.net,"Sharkey County, MS",83,200
co.winkler.tx.us,"Winkler County, TX",73,200
pershingcountynv.gov,"Pershing County, NV",69,200
r.umn.edu,"University of Minnesota-Rochester",88,200
cheyney.edu,"Cheyney University of Pennsylvania",82,200
illinoisstate.edu,"Illinois State University",85,200
ontariocountyny.gov,"Ontario County, NY",78,200
govst.edu,"Governors State University",86,200
crittendencountyky.org,"Crittenden County, KY",68,200
fdltcc.edu,"Fond du Lac Tribal and Community College",81,200
nevadastate.edu,"Nevada State University",87,200
co.crockett.tx.us,"Crockett County, TX",73,200
missouriwestern.edu,"Missouri Western State University",89,200
nau.edu,"Northern Arizona University",83,200
greatvalley.psu.edu,"Pennsylvania State University-Penn State Great Valley",85,200
coryellcounty.org,"Coryell County, TX",71,200
co.falls.tx.us,"Falls County, TX",78,200
tetoncountymt.gov,"Teton County, MT",78,200
gsu.edu,"Georgia State University",86,200
boisestate.edu,"Boise State University",92,200
co.madison.tx.us,"Madison County, TX",66,200
logancounty.ne.gov,"Logan County, NE",83,200
jeffparish.gov,"Jefferson Parish, LA",76,200
troupcountyga.gov,"Troup County, GA",70,200
piatt.gov,"Piatt County, IL",76,200
daytonastate.edu,"Daytona State College",94,200
sdstate.edu,"South Dakota State University",89,200
csus.edu,"California State University-Sacramento",88,200
mines.edu,"Colorado School of Mines",85,200
co.menominee.wi.us,"Menominee County, WI",56,200
piercecountynd.gov,"Pierce County, ND",83,200
eku.edu,"Eastern Kentucky University",93,200
mcla.edu,"Massachusetts College of Liberal Arts",82,200
co.hudspeth.tx.us,"Hudspeth County, TX",77,200
carrollcountyva.gov,"Carroll County, VA",72,200
willcounty.gov,"Will County, IL",74,200
wincoil.gov,"Winnebago County, IL",87,200
macombgov.org,"Macomb County, MI",86,200
harrisoncountywv.com,"Harrison County, WV",69,200
vcsu.edu,"Valley City State University",91,200
toolecountymt.gov,"Toole County, MT",71,200
adlc.us,"Deer Lodge County, MT",75,200
lakecountyfl.gov,"Lake County, FL",79,200
salinecountyne.gov,"Saline County, NE",81,200
lincolncountywv.org,"Lincoln County, WV",74,200
otoecountyne.gov,"Otoe County, NE",79,200
claycountytx.net,"Clay County, TX",89,200
mcleodcountymn.gov,"McLeod County, MN",75,200
drewcoar.com,"Drew County, AR",73,200
osu.edu,"Ohio State University-Main Campus",73,200
tangipahoa.org,"Tangipahoa Parish, LA",82,200
ucblueash.edu,"University of Cincinnati-Blue Ash College",91,200
co.cooke.tx.us,"Cooke County, TX",72,200
capecod.gov,"Barnstable County, MA",86,200
cherrycountyne.gov,"Cherry County, NE",81,200
thurstoncountyne.gov,"Thurston County, NE",83,200
btc.edu,"Bellingham Technical College",75,200
berkeley.edu,"University of California-Berkeley",90,200
jonescountyga.org,"Jones County, GA",75,200
sullivancountynh.gov,"Sullivan County, NH",76,200
uma.edu,"University of Maine at Augusta",78,200
mcnairycountytn.org,"McNairy County, TN",83,200
fostercounty.com,"Foster County, ND",77,200
jeffersoncountytn.gov,"Jefferson County, TN",70,200
comfsm.fm,"College of Micronesia-FSM",72,200
howardcounty.iowa.gov,"Howard County, IA",74,200
muskingumcountyoh.gov,"Muskingum County, OH",86,200
shastacollege.edu,"Shasta College",87,200
shackelfordcounty.org,"Shackelford County, TX",76,200
pitkincounty.com,"Pitkin County, CO",73,200
perrycountymo.us,"Perry County, MO",73,200
frostburg.edu,"Frostburg State University",79,200
co.palo-pinto.tx.us,"Palo Pinto County, TX",71,200
monroecountywv.gov,"Monroe County, WV",81,200
monroecounty.iowa.gov,"Monroe County, IA",74,200
johnsoncountytn.gov,"Johnson County, TN",87,200
allenparishpolicejury.com,"Allen Parish, LA",64,200
stmaryparishla.gov,"St. Mary Parish, LA",81,200
otsegocountyny.gov,"Otsego County, NY",81,200
gulfcoast.edu,"Gulf Coast State College",84,200
gsw.edu,"Georgia Southwestern State University",89,200
roanewv.com,"Roane County, WV",75,200
warrencountyia.gov,"Warren County, IA",88,200
clevelandcounty.com,"Cleveland County, NC",66,200
treasurecountymt.gov,"Treasure County, MT",91,200
monroecoga.org,"Monroe County, GA",71,200
meigsohio.com,"Meigs County, OH",78,200
osceola.org,"Osceola County, FL",85,200
rushcountykansas.org,"Rush County, KS",73,200
spinkcounty-sd.org,"Spink County, SD",54,200
nancecountyne.gov,"Nance County, NE",84,200
wilsoncountytn.gov,"Wilson County, TN",76,200
cumberlandcountynj.gov,"Cumberland County, NJ",75,200
columbiacountyga.gov,"Columbia County, GA",81,200
co.red-river.tx.us,"Red River County, TX",75,200
lenawee.mi.us,"Lenawee County, MI",70,200
franklincountyva.gov,"Franklin County, VA",75,200
henrycounty.in.gov,"Henry County, IN",71,200
lamourecountynd.com,"LaMoure County, ND",77,200
bearlakecounty.info,"Bear Lake County, ID",86,200
blainecounty-mt.gov,"Blaine County, MT",81,200
guadalupecountynm.org,"Guadalupe County, NM",87,200
hamiltoncountyil.gov,"Hamilton County, IL",92,200
popecountyar.gov,"Pope County, AR",84,200
co.montague.tx.us,"Montague County, TX",74,200
greencountywi.org,"Green County, WI",72,200
madisoncountync.gov,"Madison County, NC",77,200
laurenscountysc.gov,"Laurens County, SC",75,200
imperialcounty.org,"Imperial County, CA",79,200
maconcounty.illinois.gov,"Macon County, IL",85,200
fordcounty.illinois.gov,"Ford County, IL",87,200
lyoncountyky.com,"Lyon County, KY",80,200
harrisoncountytexas.gov,"Harrison County, TX",81,200
kysu.edu,"Kentucky State University",77,200
adaircountymissouri.com,"Adair County, MO",88,200
northumberlandcountypa.gov,"Northumberland County, PA",81,200
muhlenbergcounty.ky.gov,"Muhlenberg County, KY",73,200
murraycountymn.com,"Murray County, MN",73,200
gvltec.edu,"Greenville Technical College",85,200
clintonco.illinois.gov,"Clinton County, IL",66,200
grundycountymo.com,"Grundy County, MO",72,200
frontiercounty.ne.gov,"Frontier County, NE",80,200
gilacountyaz.gov,"Gila County, AZ",72,200
uas.alaska.edu,"University of Alaska Southeast",87,200
gtcountymi.gov,"Grand Traverse County, MI",72,200
colorado.edu,"University of Colorado Boulder",76,200
sdsu.edu,"San Diego State University",86,200
osage.okcounties.org,"Osage County, OK",73,200
pulaskicounty.org,"Pulaski County, VA",82,200
madisoncounty.in.gov,"Madison County, IN",91,200
kendallcountytx.gov,"Kendall County, TX",72,200
co.fillmore.mn.us,"Fillmore County, MN",71,200
washburn.edu,"Washburn University",89,200
butlercountypa.gov,"Butler County, PA",77,200
co.mason.tx.us,"Mason County, TX",69,200
westga.edu,"University of West Georgia",78,200
wnmu.edu,"Western New Mexico University",94,200
highline.edu,"Highline College",86,200
charlotte.edu,"University of North Carolina at Charlotte",88,200
crawfordcountyil.org,"Crawford County, IL",84,200
uafs.edu,"University of Arkansas-Fort Smith",90,200
mcphersoncountyks.us,"McPherson County, KS",70,200
santarosa.fl.gov,"Santa Rosa County, FL",75,200
metcalfecounty.ky.gov,"Metcalfe County, KY",68,200
tuckercounty.wv.gov,"Tucker County, WV",64,200
bradfordcountyfl.gov,"Bradford County, FL",79,200
jacksoncounty.ky.gov,"Jackson County, KY",74,200
independencecounty.com,"Independence County, AR",72,200
utk.edu,"The University of Tennessee-Knoxville",94,200
dubois.psu.edu,"Pennsylvania State University-Penn State DuBois",87,200
cochise.az.gov,"Cochise County, AZ",73,200
ung.edu,"University of North Georgia",87,200
co.kittson.mn.us,"Kittson County, MN",67,200
co.houston.tx.us,"Houston County, TX",74,200
meagherco.com,"Meagher County, MT",85,200
clarkcountywi.gov,"Clark County, WI",88,200
co.floyd.tx.us,"Floyd County, TX",71,200
mcphersoncounty.ne.gov,"McPherson County, NE",81,200
fordcounty.net,"Ford County, KS",71,200
runnelscounty.org,"Runnels County, TX",74,200
senecacountyny.gov,"Seneca County, NY",77,200
sgcountymt.gov,"Sweet Grass County, MT",68,200
co.steuben.in.us,"Steuben County, IN",66,200
clarkcoky.com,"Clark County, KY",77,200
jeffersoncounty.in.gov,"Jefferson County, IN",77,200
morgancountywv.gov,"Morgan County, WV",69,200
stancounty.com,"Stanislaus County, CA",72,200
mydarkecounty.com,"Darke County, OH",93,200
sussexcountyde.gov,"Sussex County, DE",77,200
co.fannin.tx.us,"Fannin County, TX",72,200
eddycountynd.org,"Eddy County, ND",79,200
scc.spokane.edu,"Spokane Community College",78,200
harrisoncountyohio.gov,"Harrison County, OH",69,200
graysoncountyva.gov,"Grayson County, VA",77,200
texascountymissouri.gov,"Texas County, MO",91,200
camascounty.id.gov,"Camas County, ID",76,200
masoncounty.net,"Mason County, MI",65,200
uwsp.edu,"University of Wisconsin-Stevens Point",87,200
perkinscounty.ne.gov,"Perkins County, NE",80,200
custercounty-co.gov,"Custer County, CO",69,200
cannoncountytn.gov,"Cannon County, TN",78,200
skylinecollege.edu,"Skyline College",79,200
berriencountygeorgia.com,"Berrien County, GA",86,200
wcu.edu,"Western Carolina University",88,200
woodcountywi.gov,"Wood County, WI",69,200
calhouncounty.wv.gov,"Calhoun County, WV",60,200
libertycountyga.gov,"Liberty County, GA",74,200
auburn.edu,"Auburn University",94,200
parkcountyco.gov,"Park County, CO",76,200
rockcastlecountyky.com,"Rockcastle County, KY",75,200
menifeecounty.ky.gov,"Menifee County, KY",73,200
oklahomacounty.org,"Oklahoma County, OK",66,200
tamiu.edu,"Texas A & M International University",75,200
co.liberty.tx.us,"Liberty County, TX",68,200
clintoncountyin.gov,"Clinton County, IN",79,200
tellercounty.gov,"Teller County, CO",79,200
lccc.wy.edu,"Laramie County Community College",73,200
co.orange.tx.us,"Orange County, TX",70,200
ellisco.net,"Ellis County, KS",74,200
nku.edu,"Northern Kentucky University",82,200
arenaccountymi.gov,"Arenac County, MI",69,200
unioncountyga.gov,"Union County, GA",73,200
cortlandcountyny.gov,"Cortland County, NY",71,200
washingtoncountymo.us,"Washington County, MO",84,200
kwc.gov,"King William County, VA",75,200
mississippicountyar.org,"Mississippi County, AR",81,200
uncw.edu,"University of North Carolina Wilmington",81,200
ricecounty.us,"Rice County, KS",77,200
co.hartley.tx.us,"Hartley County, TX",75,200
noxubeecounty.org,"Noxubee County, MS",70,200
schoolcraftcounty.net,"Schoolcraft County, MI",71,200
weber.edu,"Weber State University",77,200
sewardcountyks.org,"Seward County, KS",74,200
lanecc.edu,"Lane Community College",78,200
martincountync.gov,"Martin County, NC",71,200
wvcountytaylor.com,"Taylor County, WV",87,200
fannincountyga.com,"Fannin County, GA",88,200
fultoncounty.ky.gov,"Fulton County, KY",66,200
stpgov.org,"St. Tammany Parish, LA",79,200
ringgoldcounty.iowa.gov,"Ringgold County, IA",77,200
co.armstrong.pa.us,"Armstrong County, PA",71,200
fitchburgstate.edu,"Fitchburg State University",78,200
douglascountywi.gov,"Douglas County, WI",74,200
nantucket-ma.gov,"Nantucket, MA",77,200
uintah.gov,"Uintah County, UT",72,200
steelecountymn.gov,"Steele County, MN",73,200
pierce.ctc.edu,"Pierce College District",86,200
scottcountyiowa.gov,"Scott County, IA",77,200
vmi.edu,"Virginia Military Institute",90,200
isu.edu,"Idaho State University",85,200
sedgwickcounty.org,"Sedgwick County, KS",73,200
petersburgak.gov,"Petersburg Borough, AK",81,200
umaryland.edu,"University of Maryland, Baltimore",84,200
svsu.edu,"Saginaw Valley State University",85,200
broadwatercountymt.gov,"Broadwater County, MT",75,200
edmonds.edu,"Edmonds College",87,200
greenwoodcounty.org,"Greenwood County, KS",73,200
waynecountyil.gov,"Wayne County, IL",78,200
pemiscotcounty.org,"Pemiscot County, MO",59,200
belknapcounty.gov,"Belknap County, NH",76,200
whitecountyga.gov,"White County, GA",75,200
alachuacounty.us,"Alachua County, FL",73,200
aum.edu,"Auburn University at Montgomery",81,200
ucclermont.edu,"University of Cincinnati-Clermont College",89,200
marioncoks.net,"Marion County, KS",72,200
washco-md.net,"Washington County, MD",69,200
umgc.edu,"University of Maryland Global Campus",91,200
douglascountynv.gov,"Douglas County, NV",75,200
stlouiscountymn.gov,"Saint Louis County, MN",79,200
thayercountyne.gov,"Thayer County, NE",89,200
stcloudstate.edu,"Saint Cloud State University",66,200
miracosta.edu,"MiraCosta College",78,200
sgsc.edu,"South Georgia State College",91,200
delcopa.gov,"Delaware County, PA",71,200
northseattle.edu,"North Seattle College",81,200
marioncountyga.org,"Marion County, GA",72,200
kossuthcounty.iowa.gov,"Kossuth County, IA",70,200
franklincotn.us,"Franklin County, TN",70,200
kcgov.us,"Kootenai County, ID",72,200
greggcounty.texas.gov,"Gregg County, TX",88,200
washingtoncountyne.gov,"Washington County, NE",90,200
greeleycounty.ne.gov,"Greeley County, NE",80,200
hssu.edu,"Harris-Stowe State University",,995
claiborneone.org,"Claiborne Parish, LA",73,200
pittcountync.gov,"Pitt County, NC",73,200
waukeshacounty.gov,"Waukesha County, WI",86,200
potsdam.edu,"SUNY College at Potsdam",78,200
adamscountyms.net,"Adams County, MS",86,200
adamscountypa.gov,"Adams County, PA",79,200
metter-candlercounty.com,"Candler County, GA",73,200
deuelcountysd.com,"Deuel County, SD",81,200
ibervilleparish.com,"Iberville Parish, LA",86,200
countyofmerced.com,"Merced County, CA",73,200
hayescounty.ne.gov,"Hayes County, NE",72,200
marlborocounty.sc.gov,"Marlboro County, SC",78,200
poseycountyin.gov,"Posey County, IN",85,200
shenango.psu.edu,"Pennsylvania State University-Penn State Shenango",90,200
centrecountypa.gov,"Centre County, PA",76,200
co.routt.co.us,"Routt County, CO",72,200
newark.osu.edu,"Ohio State University-Newark Campus",87,200
co.silverbow.mt.us,"Silver Bow County, MT",74,200
lacledecountymissouri.org,"Laclede County, MO",88,200
smsu.edu,"Southwest Minnesota State University",87,200
boonecountyne.gov,"Boone County, NE",81,200
co.sanmiguel.nm.us,"San Miguel County, NM",70,200
abac.edu,"Abraham Baldwin Agricultural College",84,200
nwmissouri.edu,"Northwest Missouri State University",80,200
gradycountyok.com,"Grady County, OK",74,200
yalobushaonline.org,"Yalobusha County, MS",67,200
carbon.utah.gov,"Carbon County, UT",73,200
stlawco.gov,"Saint Lawrence County, NY",74,200
elbertga.us,"Elbert County, GA",72,200
scottcountymn.gov,"Scott County, MN",81,200
bighorncountymt.gov,"Big Horn County, MT",75,200
claycounty.ky.gov,"Clay County, KY",68,200
taliaferrocountyga.org,"Taliaferro County, GA",80,200
lonestar.edu,"Lone Star College System",76,200
co.trinity.tx.us,"Trinity County, TX",72,200
citadel.edu,"Citadel Military College of South Carolina",95,200
texas.okcounties.org,"Texas County, OK",71,200
abbevillecountysc.com,"Abbeville County, SC",78,200
uwec.edu,"University of Wisconsin-Eau Claire",91,200
bergencountynj.gov,"Bergen County, NJ",87,200
wisc.edu,"University of Wisconsin-Madison",90,200
henrycountyva.gov,"Henry County, VA",72,200
lehman.edu,"CUNY Lehman College",79,200
chickasawcounty.iowa.gov,"Chickasaw County, IA",73,200
buckscounty.gov,"Bucks County, PA",77,200
taylorcounty.texas.gov,"Taylor County, TX",74,200
gastongov.com,"Gaston County, NC",73,200
brown.sd.us,"Brown County, SD",72,200
alasu.edu,"Alabama State University",89,200
louisville.edu,"University of Louisville",92,200
mdanderson.org,"The University of Texas MD Anderson Cancer Center",83,200
lafayettems.com,"Lafayette County, MS",85,200
greenlakecountywi.gov,"Green Lake County, WI",74,200
riohondo.edu,"Rio Hondo College",87,200
pennwest.edu,"Pennsylvania Western University",86,200
sussex.nj.us,"Sussex County, NJ",74,200
bienvilleparish.org,"Bienville Parish, LA",60,200
lauderdalecounty.org,"Lauderdale County, MS",80,200
jbcountymt.gov,"Judith Basin County, MT",73,200
lincolncountynm.gov,"Lincoln County, NM",66,200
cuyahogacounty.gov,"Cuyahoga County, OH",80,200
allencounty.org,"Allen County, KS",89,200
webbcountytx.gov,"Webb County, TX",73,200
wssu.edu,"Winston-Salem State University",79,200
dauphincounty.gov,"Dauphin County, PA",78,200
ruskcountytx.gov,"Rusk County, TX",76,200
suwanneecountyfl.gov,"Suwannee County, FL",75,200
waupacacounty-wi.gov,"Waupaca County, WI",79,200
vernoncountywi.gov,"Vernon County, WI",74,200
oldwestbury.edu,"SUNY Old Westbury",,995
blackfordcounty.com,"Blackford County, IN",73,200
lsuhsc.edu,"Louisiana State University Health Sciences Center-New Orleans",85,200
stewartcogov.com,"Stewart County, TN",63,200
lakecountyohio.gov,"Lake County, OH",80,200
masoncountykentucky.us,"Mason County, KY",63,200
umpi.edu,"University of Maine at Presque Isle",91,200
williamsburgcounty.sc.gov,"Williamsburg County, SC",77,200
scottsbluffcountyne.gov,"Scotts Bluff County, NE",83,200
baruch.cuny.edu,"CUNY Bernard M Baruch College",80,200
cockecountytn.gov,"Cocke County, TN",84,200
chattoogacounty.gov,"Chattooga County, GA",78,200
jacksoncountyohio.us,"Jackson County, OH",65,200
plymouth.edu,"Plymouth State University",80,200
claycountykansas.org,"Clay County, KS",77,200
co.dewitt.tx.us,"DeWitt County, TX",78,200
cheboygancounty.net,"Cheboygan County, MI",75,200
adams.edu,"Adams State University",84,200
loudoncounty-tn.gov,"Loudon County, TN",85,200
ugoccc.com,"Chattahoochee County, GA",80,200
phila.gov,"Philadelphia County, PA",80,200
marioncountyil.gov,"Marion County, IL",84,200
arizona.edu,"University of Arizona",86,200
lincolncountyne.gov,"Lincoln County, NE",80,200
wexfordcounty.org,"Wexford County, MI",66,200
york.cuny.edu,"CUNY York College",87,200
harnett.org,"Harnett County, NC",86,200
midlandcountymi.gov,"Midland County, MI",58,200
bossierparishla.gov,"Bossier Parish, LA",79,200
greenwoodcounty-sc.gov,"Greenwood County, SC",92,200
madisoncountymt.gov,"Madison County, MT",77,200
perkinscounty.org,"Perkins County, SD",83,200
starke.in.gov,"Starke County, IN",79,200
csusb.edu,"California State University-San Bernardino",81,200
slocounty.ca.gov,"San Luis Obispo County, CA",81,200
fau.edu,"Florida Atlantic University",91,200
trinidadstate.edu,"Trinidad State College",88,200
csueastbay.edu,"California State University-East Bay",77,200
barrencounty.ky.gov,"Barren County, KY",68,200
lssc.edu,"Lake-Sumter State College",88,200
floydcountyga.gov,"Floyd County, GA",78,200
wilcoxcounty.live-website.com,"Wilcox County, GA",72,200
nottoway.org,"Nottoway County, VA",69,200
hopkinscountytx.org,"Hopkins County, TX",74,200
waynecounty.ky.gov,"Wayne County, KY",68,200
jccmi.edu,"Jackson College",89,200
ulm.edu,"University of Louisiana at Monroe",77,200
tompkinscountyny.gov,"Tompkins County, NY",86,200
colecounty.org,"Cole County, MO",74,200
co.jasper.tx.us,"Jasper County, TX",79,200
co.hunterdon.nj.us,"Hunterdon County, NJ",77,200
grantcountynm.gov,"Grant County, NM",76,200
co.langlade.wi.us,"Langlade County, WI",81,200
gordoncountyga.gov,"Gordon County, GA",75,200
cartercountytn.gov,"Carter County, TN",70,200
mtcoks.com,"Morton County, KS",75,200
lakecountytn.gov,"Lake County, TN",70,200
carrollcountytn.gov,"Carroll County, TN",68,200
aims.edu,"Aims Community College",83,200
walworthco.org,"Walworth County, SD",80,200
twiggscounty.us,"Twiggs County, GA",74,200
co.duval.tx.us,"Duval County, TX",71,200
maconcountyga.gov,"Macon County, GA",63,200
wisecounty.org,"Wise County, VA",73,200
kingandqueenco.net,"King and Queen County, VA",89,200
hancockky.us,"Hancock County, KY",72,200
love.okcounties.org,"Love County, OK",70,200
sumtercountysc.gov,"Sumter County, SC",78,200
effinghamcounty.org,"Effingham County, GA",77,200
lancaster.ne.gov,"Lancaster County, NE",77,200
co.kent.tx.us,"Kent County, TX",76,200
randolphcountyil.gov,"Randolph County, IL",85,200
uca.edu,"University of Central Arkansas",75,200
crosscountyar.org,"Cross County, AR",77,200
currituckcountync.gov,"Currituck County, NC",85,200
enmu.edu,"Eastern New Mexico University-Main Campus",82,200
sfcc.spokane.edu,"Spokane Falls Community College",78,200
storycountyiowa.gov,"Story County, IA",75,200
thomascountyks.gov,"Thomas County, KS",78,200
tamuk.edu,"Texas A&M University-Kingsville",,995
co.lucas.oh.us,"Lucas County, OH",74,200
umb.edu,"University of Massachusetts-Boston",91,200
arapahoe.edu,"Arapahoe Community College",76,200
shelbycounty-il.gov,"Shelby County, IL",85,200
schoolcraft.edu,"Schoolcraft Community College District",77,200
ontonagoncounty.org,"Ontonagon County, MI",69,200
berriencounty.org,"Berrien County, MI",74,200
acgov.org,"Alameda County, CA",77,200
breckinridgeky.com,"Breckinridge County, KY",87,200
co.st-clair.il.us,"Saint Clair County, IL",72,200
stevenscoks.org,"Stevens County, KS",72,200
douglas.sdcounties.org,"Douglas County, SD",85,200
franklincountyil.gov,"Franklin County, IL",71,200
hawkinscountytn.gov,"Hawkins County, TN",80,200
smithcountyms.gov,"Smith County, MS",87,200
brandywine.psu.edu,"Pennsylvania State University-Penn State Brandywine",82,200
prebco.org,"Preble County, OH",74,200
spotsylvania.va.us,"Spotsylvania County, VA",72,200
washingtoncountyor.gov,"Washington County, OR",86,200
utexas.edu,"The University of Texas at Austin",82,200
gilchrist.fl.us,"Gilchrist County, FL",75,200
niobraracounty.org,"Niobrara County, WY",62,200
csumb.edu,"California State University-Monterey Bay",89,200
wbrparish.org,"West Baton Rouge Parish, LA",75,200
browncountyne.gov,"Brown County, NE",94,200
eou.edu,"Eastern Oregon University",89,200
shermancounty.nebraska.gov,"Sherman County, NE",79,200
rallscountymo.gov,"Ralls County, MO",75,200
tunicacountymississippi.com,"Tunica County, MS",91,200
nicholascounty.ky.gov,"Nicholas County, KY",70,200
coweta.ga.us,"Coweta County, GA",75,200
robertsoncounty.ky.gov,"Robertson County, KY",72,200
wayneohio.org,"Wayne County, OH",71,200
cincinnatistate.edu,"Cincinnati State Technical and Community College",90,200
co.refugio.tx.us,"Refugio County, TX",67,200
mtc.edu,"Marion Technical College",85,200
dyercounty.com,"Dyer County, TN",83,200
gemcounty.org,"Gem County, ID",77,200
sewardcountyne.gov,"Seward County, NE",81,200
towson.edu,"Towson University",84,200
weld.gov,"Weld County, CO",94,200
co.san-saba.tx.us,"San Saba County, TX",74,200
sbpg.net,"Saint Bernard Parish, LA",74,200
marshallcountyillinois.gov,"Marshall County, IL",90,200
co.titus.tx.us,"Titus County, TX",71,200
piercecountyga.gov,"Pierce County, GA",63,200
unl.edu,"University of Nebraska-Lincoln",75,200
klamathcounty.org,"Klamath County, OR",77,200
murraystate.edu,"Murray State University",93,200
fultoncountyoh.com,"Fulton County, OH",71,200
ou.edu,"University of Oklahoma-Norman Campus",82,200
clayton.edu,"Clayton  State University",87,200
prairiecounty.org,"Prairie County, MT",75,200
rppj.com,"Rapides Parish, LA",87,200
southtexascollege.edu,"South Texas College",89,200
clintoncountyny.gov,"Clinton County, NY",72,200
bosquecounty.gov,"Bosque County, TX",72,200
sheridancountymt.gov,"Sheridan County, MT",85,200
bexar.org,"Bexar County, TX",75,200
vernoncountymo.org,"Vernon County, MO",71,200
avoypj.org,"Avoyelles Parish, LA",86,200
pulaskicountyil.net,"Pulaski County, IL",82,200
powellcounty.ky.gov,"Powell County, KY",73,200
glynncounty.org,"Glynn County, GA",79,200
pencowv.com,"Pendleton County, WV",83,200
tarrantcountytx.gov,"Tarrant County, TX",91,200
callahancounty.org,"Callahan County, TX",69,200
co.cheyenne.co.us,"Cheyenne County, CO",68,200
uaf.edu,"University of Alaska Fairbanks",77,200
co.armstrong.tx.us,"Armstrong County, TX",72,200
uprc.edu,"University of Puerto Rico-Carolina",83,200
twinfallscounty.org,"Twin Falls County, ID",83,200
childresstx.us,"Childress County, TX",64,200
horrycountysc.gov,"Horry County, SC",78,200
jaspercountysc.gov,"Jasper County, SC",88,200
louisacountyia.gov,"Louisa County, IA",94,200
lebanoncountypa.gov,"Lebanon County, PA",80,200
powhatanva.gov,"Powhatan County, VA",75,200
utdallas.edu,"The University of Texas at Dallas",89,200
upshurcounty.org,"Upshur County, WV",69,200
washingtongov.org,"Washington County, OH",74,200
mayvillestate.edu,"Mayville State University",75,200
co.castro.tx.us,"Castro County, TX",72,200
whitesidecountyil.gov,"Whiteside County, IL",74,200
washtenaw.org,"Washtenaw County, MI",70,200
polktx.gov,"Polk County, TX",77,200
putnamil.gov,"Putnam County, IL",73,200
esu.edu,"East Stroudsburg University of Pennsylvania",79,200
summerscountywv.gov,"Summers County, WV",81,200
unlv.edu,"University of Nevada-Las Vegas",84,200
cherokeecounty-nc.gov,"Cherokee County, NC",76,200
trinitycounty.org,"Trinity County, CA",75,200
ks1495.cichosting.com,"Smith County, KS",66,200
campbellcountytn.gov,"Campbell County, TN",76,200
co.glasscock.tx.us,"Glasscock County, TX",77,200
co.archer.tx.us,"Archer County, TX",74,200
clearwatercounty.org,"Clearwater County, ID",65,200
warrencountyny.gov,"Warren County, NY",78,200
florencecountywi.com,"Florence County, WI",80,200
claycountyarkansas.org,"Clay County, AR",,995
co.madison.oh.us,"Madison County, OH",71,200
nassaucountyfl.com,"Nassau County, FL",74,200
woodward.okcounties.org,"Woodward County, OK",71,200
pagecounty.iowa.gov,"Page County, IA",72,200
fairmontstate.edu,"Fairmont State University",81,200
owencountyky.us,"Owen County, KY",83,200
k3county.net,"Kankakee County, IL",73,200
jeffersoncountyoh.com,"Jefferson County, OH",72,200
claycounty.ne.gov,"Clay County, NE",83,200
mymanatee.org,"Manatee County, FL",78,200
co.davidson.nc.us,"Davidson County, NC",71,200
slopecountynd.gov,"Slope County, ND",80,200
bloomington.iu.edu,"Indiana University-Bloomington",86,200
plaqueminesparish.gov,"Plaquemines Parish, LA",77,200
parmercounty.texas.gov,"Parmer County, TX",80,200
bentoncountytn.gov,"Benton County, TN",69,200
lakecountyco.gov,"Lake County, CO",75,200
currycountyor.gov,"Curry County, OR",73,200
effinghamcountyil.gov,"Effingham County, IL",83,200
utep.edu,"The University of Texas at El Paso",84,200
bottineauco.com,"Bottineau County, ND",83,200
csi.edu,"College of Southern Idaho",74,200
oconeesc.com,"Oconee County, SC",78,200
adamscounty.iowa.gov,"Adams County, IA",74,200
co.aitkin.mn.us,"Aitkin County, MN",88,200
fsw.edu,"Florida SouthWestern State College",78,200
jeffdaviscountyga.gov,"Jeff Davis County, GA",85,200
harriscountyga.gov,"Harris County, GA",81,200
bentoncountyia.gov,"Benton County, IA",75,200
indianastate.edu,"Indiana State University",92,200
utm.edu,"The University of Tennessee-Martin",87,200
andersoncountytn.gov,"Anderson County, TN",83,200
blainecounty.nebraska.gov,"Blaine County, NE",75,200
asotincountywa.gov,"Asotin County, WA",75,200
camdencounty.com,"Camden County, NJ",76,200
dkcoks.gov,"Dickinson County, KS",81,200
barbourcountywv.gov,"Barbour County, WV",89,200
csuglobal.edu,"Colorado State University Global",93,200
rockinghamcountyva.gov,"Rockingham County, VA",76,200
midland.edu,"Midland College",81,200
fayettetn.us,"Fayette County, TN",85,200
shelbycountymo.com,"Shelby County, MO",81,200
henrycountyga.gov,"Henry County, GA",77,200
niagaracounty.gov,"Niagara County, NY",70,200
hardincountyky.gov,"Hardin County, KY",79,200
lincoln.edu,"Lincoln University",85,200
kiowacountyks.gov,"Kiowa County, KS",77,200
hendersoncountytn.gov,"Henderson County, TN",77,200
yazoocounty.net,"Yazoo County, MS",89,200
easternct.edu,"Eastern Connecticut State University",84,200
clermontcountyohio.gov,"Clermont County, OH",77,200
merrickcounty.ne.gov,"Merrick County, NE",83,200
knoxcounty.in.gov,"Knox County, IN",84,200
co.kimble.tx.us,"Kimble County, TX",80,200
averypoint.uconn.edu,"University of Connecticut-Avery Point",85,200
tattnallcountyga.com,"Tattnall County, GA",67,200
wyomingcountypa.gov,"Wyoming County, PA",89,200
daviscountyutah.gov,"Davis County, UT",79,200
mgcountyks.org,"Montgomery County, KS",74,200
co.fulton.in.us,"Fulton County, IN",73,200
uccs.edu,"University of Colorado Colorado Springs",85,200
pendletoncounty.ky.gov,"Pendleton County, KY",75,200
washingtoncountymn.gov,"Washington County, MN",76,200
clareco.net,"Clare County, MI",74,200
ellsworthcounty.org,"Ellsworth County, KS",71,200
nmhu.edu,"New Mexico Highlands University",74,200
cameron.edu,"Cameron University",78,200
pima.gov,"Pima County, AZ",88,200
uvm.edu,"University of Vermont",83,200
menardcountyil.gov,"Menard County, IL",64,200
andrewcounty.org,"Andrew County, MO",73,200
uark.edu,"University of Arkansas",84,200
lowndescountyms.com,"Lowndes County, MS",71,200
uwplatt.edu,"University of Wisconsin-Platteville",86,200
nfc.edu,"North Florida College",84,200
vermontstate.edu,"Vermont State University",97,200
bentoncountyms.gov,"Benton County, MS",88,200
kimballcountyne.gov,"Kimball County, NE",78,200
clemson.edu,"Clemson University",92,200
longcountyga.gov,"Long County, GA",85,200
umass.edu,"University of Massachusetts-Amherst",83,200
stonecountyms.gov,"Stone County, MS",90,200
socorrocounty.net,"Socorro County, NM",74,200
lumpkincounty.gov,"Lumpkin County, GA",72,200
alcorn.edu,"Alcorn State University",87,200
richlandcountysc.gov,"Richland County, SC",90,200
mga.edu,"Middle Georgia State University",80,200
dallam.org,"Dallam County, TX",63,200
muw.edu,"Mississippi University for Women",76,200
garfield.utah.gov,"Garfield County, UT",86,200
binghamton.edu,"Binghamton University",95,200
bemidjistate.edu,"Bemidji State University",91,200
swaincountync.gov,"Swain County, NC",83,200
edwardscountyks.org,"Edwards County, KS",87,200
waynecountywv.org,"Wayne County, WV",54,200
dekalbcountymo.com,"DeKalb County, MO",78,200
alfalfa.okcounties.org,"Alfalfa County, OK",71,200
libertycountyfl.org,"Liberty County, FL",80,200
nodawaycountymo.us,"Nodaway County, MO",75,200
wasatchcounty.gov,"Wasatch County, UT",73,200
spscc.edu,"South Puget Sound Community College",79,200
washingtoncounty.ms,"Washington County, MS",64,200
hamptoncountysc.org,"Hampton County, SC",74,200
doolycountyga.com,"Dooly County, GA",60,200
myescambia.com,"Escambia County, FL",86,200
woodruffcountyar.gov,"Woodruff County, AR",84,200
essexcountynj.org,"Essex County, NJ",65,200
tuscolacounty.org,"Tuscola County, MI",69,200
northamptonnc.com,"Northampton County, NC",74,200
lcsc.edu,"Lewis-Clark State College",,995
christiancountyky.gov,"Christian County, KY",77,200
rio-arriba.org,"Rio Arriba County, NM",86,200
gagecountyne.gov,"Gage County, NE",83,200
ransomcountynd.net,"Ransom County, ND",81,200
madisoncountymo.us,"Madison County, MO",87,200
davisoncounty.org,"Davison County, SD",76,200
camdencountync.gov,"Camden County, NC",77,200
chesterfieldcountysc.com,"Chesterfield County, SC",89,200
jaspercountyillinois.gov,"Jasper County, IL",83,200
boonecounty.iowa.gov,"Boone County, IA",74,200
sheridancountywy.gov,"Sheridan County, WY",68,200
grantcountyoregon.net,"Grant County, OR",72,200
afit.edu,"Air Force Institute of Technology-Graduate School of Engineering & Management",66,200
dickeynd.com,"Dickey County, ND",84,200
chestercountytn.org,"Chester County, TN",69,200
talbotcountymd.gov,"Talbot County, MD",83,200
scotlandcounty.org,"Scotland County, NC",74,200
msudenver.edu,"Metropolitan State University of Denver",91,200
izardcountyar.org,"Izard County, AR",74,200
elmorecounty.org,"Elmore County, ID",71,200
nnmc.edu,"Northern New Mexico College",75,200
pauldingcountyoh.com,"Paulding County, OH",88,200
co.kinney.tx.us,"Kinney County, TX",78,200
ocgov.com,"Orange County, CA",81,200
unioncountyiowa.gov,"Union County, IA",83,200
boonecountyil.gov,"Boone County, IL",72,200
wilkescounty.net,"Wilkes County, NC",77,200
blackhawkcounty.iowa.gov,"Black Hawk County, IA",75,200
jeffersoncountypa.gov,"Jefferson County, PA",72,200
brulecounty.gov,"Brule County, SD",85,200
co.terrell.tx.us,"Terrell County, TX",73,200
muskogee.okcounties.org,"Muskogee County, OK",70,200
bgsu.edu,"Bowling Green State University-Main Campus",83,200
co.cochran.tx.us,"Cochran County, TX",74,200
co.portage.wi.gov,"Portage County, WI",77,200
illinois.edu,"University of Illinois Urbana-Champaign",99,200
manitowoccountywi.gov,"Manitowoc County, WI",88,200
kanawha.us,"Kanawha County, WV",92,200
cascadecountymt.gov,"Cascade County, MT",75,200
co.king.tx.us,"King County, TX",74,200
sampsoncountync.gov,"Sampson County, NC",81,200
grantcounty.sd.gov,"Grant County, SD",86,200
olympic.edu,"Olympic College",91,200
franklincountyne.gov,"Franklin County, NE",81,200
greenupcountyky.gov,"Greenup County, KY",84,200
garfieldcountyco.gov,"Garfield County, CO",71,200
buchanancounty.iowa.gov,"Buchanan County, IA",80,200
atu.edu,"Arkansas Tech University",74,200
seviercountytn.gov,"Sevier County, TN",77,200
vilascountywi.gov,"Vilas County, WI",66,200
raycountymo.com,"Ray County, MO",64,200
gmc.edu,"Georgia Military College",67,200
usd.edu,"University of South Dakota",84,200
polkcountymn.gov,"Polk County, MN",73,200
co.rains.tx.us,"Rains County, TX",73,200
buffalocounty.ne.gov,"Buffalo County, NE",83,200
lex-co.sc.gov,"Lexington County, SC",74,200
mcintoshnd.com,"McIntosh County, ND",64,200
jaspercountyga.org,"Jasper County, GA",72,200
poweshiekcountyiowa.gov,"Poweshiek County, IA",74,200
crawfordcounty.iowa.gov,"Crawford County, IA",77,200
co.pennington.mn.us,"Pennington County, MN",72,200
austincc.edu,"Austin Community College District",85,200
csuchico.edu,"California State University-Chico",82,200
marshallcountyia.gov,"Marshall County, IA",78,200
unionnm.us,"Union County, NM",77,200
idahocounty.org,"Idaho County, ID",73,200
yorkcountymaine.gov,"York County, ME",89,200
baycountymi.gov,"Bay County, MI",72,200
plattecounty.ne.gov,"Platte County, NE",85,200
tamacounty.iowa.gov,"Tama County, IA",71,200
crawfordcountykansas.org,"Crawford County, KS",83,200
phillipscountyks.org,"Phillips County, KS",73,200
unioncountypa.org,"Union County, PA",75,200
butlercountyne.gov,"Butler County, NE",81,200
newpaltz.edu,"State University of New York at New Paltz",69,200
kinggeorgecountyva.gov,"King George County, VA",70,200
lapaz.gov,"La Paz County, AZ",72,200
saccountyiowa.gov,"Sac County, IA",76,200
knoxcountymaine.gov,"Knox County, ME",74,200
lake.wright.edu,"Wright State University-Lake Campus",76,200
appomattoxcountyva.gov,"Appomattox County, VA",75,200
alfredstate.edu,"SUNY College of Technology at Alfred",88,200
adamscountyne.gov,"Adams County, NE",65,200
browncountymn.gov,"Brown County, MN",77,200
gatech.edu,"Georgia Institute of Technology-Main Campus",84,200
irwincounty-ga.gov,"Irwin County, GA",82,200
siue.edu,"Southern Illinois University Edwardsville",77,200
mcleancountyil.gov,"McLean County, IL",78,200
jaspercountyin.gov,"Jasper County, IN",75,200
bartholomew.in.gov,"Bartholomew County, IN",65,200
uagrantham.edu,"University of Arkansas Grantham",92,200
sierraco.org,"Sierra County, NM",86,200
tillamookcounty.gov,"Tillamook County, OR",83,200
mec.cuny.edu,"CUNY Medgar Evers College",88,200
lyoncountyks.gov,"Lyon County, KS",77,200
sheridancountyks.gov,"Sheridan County, KS",73,200
co.forest.wi.gov,"Forest County, WI",92,200
augusta.edu,"Augusta University",87,200
co.carson.tx.us,"Carson County, TX",73,200
co.northumberland.va.us,"Northumberland County, VA",76,200
southbend.iu.edu,"Indiana University-South Bend",91,200
hendersoncountync.gov,"Henderson County, NC",73,200
co.young.tx.us,"Young County, TX",74,200
rose.edu,"Rose State College",83,200
asu.edu,"Arizona State University Digital Immersion",74,200
stonecountyar.gov,"Stone County, AR",81,200
co.marion.or.us,"Marion County, OR",71,200
fvsu.edu,"Fort Valley State University",94,200
libertycountymt.gov,"Liberty County, MT",88,200
franklincounty.in.gov,"Franklin County, IN",59,200
cobleskill.edu,"SUNY College of Agriculture and Technology at Cobleskill",78,200
npc.edu,"Northland Pioneer College",77,200
benzieco.gov,"Benzie County, MI",74,200
jacksoncountyks.com,"Jackson County, KS",73,200
marioncountyiowa.gov,"Marion County, IA",73,200
billingscountynd.gov,"Billings County, ND",71,200
ucf.edu,"University of Central Florida",90,200
downstate.edu,"SUNY Downstate Health Sciences University",76,200
tylercountywv.com,"Tyler County, WV",82,200
saunderscounty.ne.gov,"Saunders County, NE",83,200
irsc.edu,"Indian River State College",93,200
nmcoks.us,"Nemaha County, KS",82,200
usi.edu,"University of Southern Indiana",83,200
claycountyms.com,"Clay County, MS",84,200
conversecountywy.gov,"Converse County, WY",74,200
winnebagocountyiowa.gov,"Winnebago County, IA",77,200
sdmesa.edu,"San Diego Mesa College",78,200
roanokecountyva.gov,"Roanoke County, VA",75,200
danielscountymt.gov,"Daniels County, MT",89,200
co.hutchinson.tx.us,"Hutchinson County, TX",88,200
grantcoks.org,"Grant County, KS",74,200
essexma.org,"Essex County, MA",75,200
grandcountyutah.net,"Grand County, UT",74,200
walthallchamber.com,"Walthall County, MS",83,200
sinclair.edu,"Sinclair Community College",73,200
gentrycounty.net,"Gentry County, MO",60,200
co.panola.tx.us,"Panola County, TX",76,200
ozarkcounty.net,"Ozark County, MO",60,200
auduboncountyia.gov,"Audubon County, IA",63,200
holmescountyms.org,"Holmes County, MS",67,200
sumtercountyga.us,"Sumter County, GA",75,200
otsegocountymi.gov,"Otsego County, MI",76,200
maconbibb.us,"Bibb County, GA",70,200
manchester.unh.edu,"University of New Hampshire at Manchester",86,200
lincolncountywy.gov,"Lincoln County, WY",74,200
co.fairfield.oh.us,"Fairfield County, OH",89,200
winonacounty.gov,"Winona County, MN",80,200
lincolncountynevada.com,"Lincoln County, NV",78,200
marshallcountyky.gov,"Marshall County, KY",77,200
hsu.edu,"Henderson State University",89,200
vsu.edu,"Virginia State University",92,200
co.kittitas.wa.us,"Kittitas County, WA",73,200
bondcountyil.gov,"Bond County, IL",75,200
cartercountymosheriff.org,"Carter County, MO",69,200
meadeco.org,"Meade County, KS",74,200
navajotech.edu,"Navajo Technical University",79,200
utmb.edu,"The University of Texas Medical Branch at Galveston",85,200
day.sdcounties.org,"Day County, SD",84,200
mywaltonfl.gov,"Walton County, FL",75,200
valverdecounty.texas.gov,"Val Verde County, TX",76,200
pottcounty.org,"Pottawatomie County, KS",75,200
braxtoncountywv.gov,"Braxton County, WV",93,200
elpasoco.com,"El Paso County, CO",83,200
lawrencecounty.illinois.gov,"Lawrence County, IL",75,200
grundycountyiowa.gov,"Grundy County, IA",77,200
ucsf.edu,"University of California-San Francisco",88,200
crawfordcountypa.net,"Crawford County, PA",84,200
henrycty.com,"Henry County, IL",73,200
dodgecountyga.com,"Dodge County, GA",80,200
sierracounty.ca.gov,"Sierra County, CA",77,200
co.monroe.mi.us,"Monroe County, MI",76,200
twu.edu,"Texas Woman's University",83,200
bartoncounty.org,"Barton County, KS",75,200
barrowga.org,"Barrow County, GA",73,200
cunisanjuan.edu,"Colegio Universitario de San Juan",81,200
eac.edu,"Eastern Arizona College",81,200
co.edwards.tx.us,"Edwards County, TX",78,200
fresnocountyca.gov,"Fresno County, CA",86,200
fgcu.edu,"Florida Gulf Coast University",89,200
triggcounty.ky.gov,"Trigg County, KY",70,200
toddcounty.ky.gov,"Todd County, KY",68,200
yavapaiaz.gov,"Yavapai County, AZ",93,200
skagitcounty.net,"Skagit County, WA",69,200
breathittcounty.ky.gov,"Breathitt County, KY",73,200
jacksoncounty.wv.gov,"Jackson County, WV",64,200
co.summitoh.net,"Summit County, OH",91,200
lesliecounty.ky.gov,"Leslie County, KY",74,200
cumberlandcounty.ky.gov,"Cumberland County, KY",71,200
logancounty.wv.gov,"Logan County, WV",66,200
eldoradocounty.ca.gov,"El Dorado County, CA",83,200
cityofsitka.com,"Sitka, AK",84,200
marioncounty.ky.gov,"Marion County, KY",73,200
elliottcounty.ky.gov,"Elliott County, KY",70,200
cherokeecountyks.gov,"Cherokee County, KS",70,200
morriscountynj.gov,"Morris County, NJ",90,200
lccountymt.gov,"Lewis and Clark County, MT",88,200
alamo.edu,"",88,200
co.prince-edward.va.us,"Prince Edward County, VA",86,200
andersoncounty.ky.gov,"Anderson County, KY",71,200
kauai.gov,"Kauaʻi County, HI",89,200
co.sumner.ks.us,"Sumner County, KS",76,200
caldwellcounty.ky.gov,"Caldwell County, KY",65,200
franklincounty.ky.gov,"Franklin County, KY",65,200
mclennan.gov,"McLennan County, TX",73,200
broomecountyny.gov,"Broome County, NY",70,200
morgancountyga.gov,"Morgan County, GA",75,200
flatheadcounty.gov,"Flathead County, MT",89,200
waldocountyme.gov,"Waldo County, ME",75,200
wichita.edu,"Wichita State University",75,200
mercercountywv.com,"Mercer County, WV",89,200
montva.com,"Montgomery County, VA",74,200
uaa.alaska.edu,"University of Alaska Anchorage",69,200
browncountyohio.gov,"Brown County, OH",68,200
placer.ca.gov,"Placer County, CA",83,200
ric.edu,"Rhode Island College",78,200
greenecountync.gov,"Greene County, NC",87,200
leecountyms.com,"Lee County, MS",81,200
tesu.edu,"Thomas Edison State University",92,200
keyapahacountyne.gov,"Keya Paha County, NE",73,200
chipola.edu,"Chipola College",75,200
uwosh.edu,"University of Wisconsin-Oshkosh",84,200
csu.edu,"Chicago State University",79,200
lickingcounty.gov,"Licking County, OH",73,200
montalto.psu.edu,"Pennsylvania State University-Penn State Mont Alto",88,200
latech.edu,"Louisiana Tech University",88,200
clarkcountyohio.gov,"Clark County, OH",74,200
garfieldok.com,"Garfield County, OK",86,200
co.borden.tx.us,"Borden County, TX",78,200
scottcoil.gov,"Scott County, IL",83,200
burkenc.org,"Burke County, NC",71,200
crawfordcountymo.net,"Crawford County, MO",88,200
wmich.edu,"Western Michigan University",91,200
snow.edu,"Snow College",94,200
framingham.edu,"Framingham State University",86,200
emery.utah.gov,"Emery County, UT",84,200
cobbcounty.gov,"Cobb County, GA",80,200
andersoncountysc.org,"Anderson County, SC",78,200
claycountymn.gov,"Clay County, MN",76,200
stonewallcounty.org,"Stonewall County, TX",74,200
danecounty.gov,"Dane County, WI",83,200
co.frio.tx.us,"Frio County, TX",72,200
henrycounty.iowa.gov,"Henry County, IA",75,200
moreheadstate.edu,"Morehead State University",84,200
lunenburgva.gov,"Lunenburg County, VA",71,200
piercecountyne.gov,"Pierce County, NE",83,200
millersville.edu,"Millersville University of Pennsylvania",89,200
wapellocounty.org,"Wapello County, IA",75,200
rheacountytn.org,"Rhea County, TN",68,200
unc.edu,"University of North Carolina at Chapel Hill",89,200
dawsoncountyga.gov,"Dawson County, GA",76,200
dickensonva.org,"Dickenson County, VA",75,200
beaverheadcountymt.gov,"Beaverhead County, MT",67,200
lsua.edu,"Louisiana State University-Alexandria",90,200
stjamesla.com,"St. James Parish, LA",77,200
hendryfla.net,"Hendry County, FL",71,200
dadecounty-ga.gov,"Dade County, GA",78,200
gulfcounty-fl.gov,"Gulf County, FL",74,200
co.wise.tx.us,"Wise County, TX",73,200
wrightcountymo.gov,"Wright County, MO",88,200
kearneycounty.ne.gov,"Kearney County, NE",83,200
uprm.edu,"University of Puerto Rico-Mayaguez",77,200
etsu.edu,"East Tennessee State University",90,200
wou.edu,"Western Oregon University",82,200
co.ottawa.oh.us,"Ottawa County, OH",75,200
dickinsoncountymi.gov,"Dickinson County, MI",70,200
astate.edu,"Arkansas State University",87,200
monroetn.gov,"Monroe County, TN",74,200
edmonsoncounty.org,"Edmonson County, KY",86,200
centralia.edu,"Centralia College",75,200
bayfieldcounty.wi.gov,"Bayfield County, WI",76,200
dakotacounty.ne.gov,"Dakota County, NE",83,200
concord.edu,"Concord University",86,200
clarkcountymo.org,"Clark County, MO",89,200
madisoncountytn.gov,"Madison County, TN",75,200
dadecountymo.gov,"Dade County, MO",87,200
co.surry.nc.us,"Surry County, NC",76,200
uprutuado.edu,"University of Puerto Rico-Utuado",79,200
ohsu.edu,"Oregon Health & Science University",80,200
humboldt.edu,"California State Polytechnic University-Humboldt",88,200
amsamoa.edu,"American Samoa Community College",70,200
geneseeny.gov,"Genesee County, NY",90,200
alleghenycounty.us,"Allegheny County, PA",86,200
broward.edu,"Broward College",70,200
nashcountync.gov,"Nash County, NC",70,200
adaircounty.iowa.gov,"Adair County, IA",77,200
unf.edu,"University of North Florida",86,200
franklincoks.org,"Franklin County, KS",72,200
ozaukeecounty.gov,"Ozaukee County, WI",74,200
ameliacova.com,"Amelia County, VA",73,200
buttscountyga.com,"Butts County, GA",65,200
kempercountyms.gov,"Kemper County, MS",86,200
mcminncountytn.gov,"McMinn County, TN",64,200
schleycountyga.us,"Schley County, GA",78,200
co.washington.id.us,"Washington County, ID",75,200
ufl.edu,"University of Florida",88,200
pleasantscountywv.gov,"Pleasants County, WV",92,200
lucecountymi.com,"Luce County, MI",85,200
tamu.edu,"Texas A&M University-College Station",86,200
hallcounty.org,"Hall County, GA",73,200
grantcountywv.org,"Grant County, WV",64,200
leavenworthcounty.gov,"Leavenworth County, KS",79,200
elbertcounty-co.gov,"Elbert County, CO",75,200
upra.edu,"University of Puerto Rico-Arecibo",86,200
sussexcountyva.gov,"Sussex County, VA",77,200
ubalt.edu,"University of Baltimore",78,200
mitchellcountyga.net,"Mitchell County, GA",86,200
uintacountywy.gov,"Uinta County, WY",81,200
lawrencecountypa.gov,"Lawrence County, PA",82,200
emporia.edu,"Emporia State University",83,200
co.la-salle.tx.us,"La Salle County, TX",74,200
jonescountync.gov,"Jones County, NC",79,200
uab.edu,"University of Alabama at Birmingham",75,200
cattco.gov,"Cattaraugus County, NY",72,200
rockwallcountytexas.com,"Rockwall County, TX",75,200
unioncountyor.gov,"Union County, OR",91,200
sintegleska.edu,"Sinte Gleska University",87,200
jaspercountymo.gov,"Jasper County, MO",84,200
webercountyutah.gov,"Weber County, UT",75,200
clinton-county.org,"Clinton County, MI",74,200
antrimcountymi.gov,"Antrim County, MI",74,200
co.wayne.in.us,"Wayne County, IN",89,200
ohiocountywv.gov,"Ohio County, WV",88,200
ggc.edu,"Georgia Gwinnett College",83,200
woodfordcountyky.gov,"Woodford County, KY",75,200
co.live-oak.tx.us,"Live Oak County, TX",75,200
hoodcounty.texas.gov,"Hood County, TX",80,200
arlingtonva.us,"Arlington County, VA",91,200
co.bailey.tx.us,"Bailey County, TX",73,200
ashleycountyar.com,"Ashley County, AR",83,200
worldcampus.psu.edu,"Pennsylvania State University-World Campus",84,200
kanabeccounty.org,"Kanabec County, MN",70,200
ballardcounty.ky.gov,"Ballard County, KY",70,200
tiftcounty.org,"Tift County, GA",74,200
sccwi.gov,"Saint Croix County, WI",72,200
greer.okcounties.org,"Greer County, OK",72,200
pittsylvaniacountyva.gov,"Pittsylvania County, VA",75,200
spencercountyky.gov,"Spencer County, KY",76,200
lewiscountywv.org,"Lewis County, WV",78,200
uthsc.edu,"The University of Tennessee Health Science Center",88,200
washcova.com,"Washington County, VA",88,200
warrencountytn.gov,"Warren County, TN",81,200
suny.oneonta.edu,"SUNY Oneonta",86,200
uwlax.edu,"University of Wisconsin-La Crosse",81,200
uwb.edu,"University of Washington-Bothell Campus",,995
crockettcountytn.com,"Crockett County, TN",83,200
brantleycounty-ga.gov,"Brantley County, GA",75,200
hfcc.edu,"Henry Ford College",76,200
ripleycountymissouri.org,"Ripley County, MO",67,200
mvsu.edu,"Mississippi Valley State University",71,200
bluefieldstate.edu,"Bluefield State University",91,200
lakeandpen.com,"Lake and Peninsula Borough, AK",65,200
laramiecountywy.gov,"Laramie County, WY",86,200
ttuhsc.edu,"Texas Tech University Health Sciences Center",77,200
tsc.fl.edu,"Tallahassee State College",67,200
co.kleberg.tx.us,"Kleberg County, TX",74,200
co.richmond.va.us,"Richmond County, VA",63,200
dewey.sdcounties.org,"Dewey County, SD",86,200
fiu.edu,"Florida International University",88,200
explorehoustoncountytn.com,"Houston County, TN",83,200
montgomerycountyms.com,"Montgomery County, MS",62,200
co.juneau.wi.gov,"Juneau County, WI",71,200
bonnercountyid.gov,"Bonner County, ID",72,200
monroecountymo.gov,"Monroe County, MO",82,200
monroems.com,"Monroe County, MS",69,200
oregonstate.edu,"Oregon State University",91,200
brunswickcountync.gov,"Brunswick County, NC",75,200
dpcountyks.com,"Doniphan County, KS",81,200
leecountyar.gov,"Lee County, AR",82,200
thomascountyne.gov,"Thomas County, NE",83,200
ucdavis.edu,"University of California-Davis",84,200
co.colfax.nm.us,"Colfax County, NM",66,200
salisbury.edu,"Salisbury University",93,200
latahcountyid.gov,"Latah County, ID",78,200
hamiltoncounty.in.gov,"Hamilton County, IN",77,200
schuylkill.psu.edu,"Pennsylvania State University-Penn State Schuylkill",85,200
uthscsa.edu,"The University of Texas Health Science Center at San Antonio",81,200
laurenscoga.org,"Laurens County, GA",72,200
carolinemd.org,"Caroline County, MD",74,200
cherokee.okcounties.org,"Cherokee County, OK",73,200
broomfield.org,"Broomfield, CO",72,200
kentcountyde.gov,"Kent County, DE",85,200
santacruzcountyca.gov,"Santa Cruz County, CA",79,200
umsl.edu,"University of Missouri-St Louis",79,200
uic.edu,"University of Illinois Chicago",75,200
calhouncounty.iowa.gov,"Calhoun County, IA",70,200
monroecountypa.gov,"Monroe County, PA",81,200
appstate.edu,"Appalachian State University",79,200
jeffersoncountytx.gov,"Jefferson County, TX",91,200
txst.edu,"Texas State University",84,200
scrcog.org,"South Central Connecticut Planning Region, CT",73,200
emmonsnd.com,"Emmons County, ND",87,200
ncat.edu,"North Carolina A & T State University",79,200
rogerscounty.org,"Rogers County, OK",72,200
uwa.edu,"University of West Alabama",88,200
rcky.us,"Rowan County, KY",84,200
minotstateu.edu,"Minot State University",79,200
salinecountymo.gov,"Saline County, MO",90,200
montgomerycountync.gov,"Montgomery County, NC",62,200
lincolncomo.gov,"Lincoln County, MO",82,200
clallamcountywa.gov,"Clallam County, WA",69,200
tamut.edu,"Texas A&M University-Texarkana",84,200
barber.ks.gov,"Barber County, KS",90,200
quincycollege.edu,"Quincy College",95,200
umaine.edu,"University of Maine",93,200
butlercountymo.com,"Butler County, MO",75,200
dixiecounty.us,"Dixie County, FL",80,200
sheridancounty.ne.gov,"Sheridan County, NE",71,200
johnsoncountyiowa.gov,"Johnson County, IA",83,200
fremontcountyia.gov,"Fremont County, IA",78,200
greensburg.pitt.edu,"University of Pittsburgh-Greensburg",79,200
comanchecoks.org,"Comanche County, KS",79,200
binghamid.gov,"Bingham County, ID",77,200
sfsu.edu,"San Francisco State University",78,200
perryco.org,"Perry County, PA",83,200
sunyopt.edu,"SUNY College of Optometry",84,200
pueblocc.edu,"Pueblo Community College",94,200
furnascounty.ne.gov,"Furnas County, NE",80,200
co.crane.tx.us,"Crane County, TX",71,200
brewstercounty.gov,"Brewster County, TX",71,200
lowndescounty.com,"Lowndes County, GA",75,200
utahtech.edu,"Utah Tech University",90,200
canton.edu,"SUNY College of Technology at Canton",91,200
waltoncountyga.gov,"Walton County, GA",71,200
emmetcounty.org,"Emmet County, MI",78,200
navajocountyaz.gov,"Navajo County, AZ",76,200
wilkinsoncounty.net,"Wilkinson County, GA",70,200
haywoodtn.gov,"Haywood County, TN",80,200
umassglobal.edu,"University of Massachusetts Global",78,200
co.freestone.tx.us,"Freestone County, TX",74,200
dilloncountysc.org,"Dillon County, SC",75,200
utrgv.edu,"The University of Texas Rio Grande Valley",86,200
yuba.gov,"Yuba County, CA",77,200
lyon-county.org,"Lyon County, NV",75,200
mohave.gov,"Mohave County, AZ",88,200
unicoicountytn.com,"Unicoi County, TN",84,200
wilcotx.gov,"Williamson County, TX",71,200
kaufmancounty.net,"Kaufman County, TX",72,200
lwtech.edu,"Lake Washington Institute of Technology",76,200
batescounty.net,"Bates County, MO",73,200
upb.pitt.edu,"University of Pittsburgh-Bradford",82,200
garrettcountymd.gov,"Garrett County, MD",73,200
cwu.edu,"Central Washington University",77,200
coloradomtn.edu,"Colorado Mountain College",94,200
warrencountyga.com,"Warren County, GA",81,200
scottcounty.in.gov,"Scott County, IN",80,200
westmorelandcountypa.gov,"Westmoreland County, PA",73,200
co.wood.oh.us,"Wood County, OH",65,200
coloradomesa.edu,"Colorado Mesa University",82,200
ks1497.cichosting.com,"Ottawa County, KS",61,200
franklincountyflorida.com,"Franklin County, FL",77,200
co.putnam.in.us,"Putnam County, IN",84,200
bathcountyva.gov,"Bath County, VA",70,200
countyofbarton.gov,"Barton County, MO",80,200
hancockcountyia.gov,"Hancock County, IA",73,200
morgancounty-oh.gov,"Morgan County, OH",69,200
peoriacounty.gov,"Peoria County, IL",77,200
lrcounty.org,"Little River County, AR",65,200
co.morris.tx.us,"Morris County, TX",72,200
mecostacounty.org,"Mecosta County, MI",70,200
livingstoncountyny.gov,"Livingston County, NY",74,200
columbiaco.com,"Columbia County, WA",73,200
mitchellcountykansas.com,"Mitchell County, KS",83,200
mercercountynd.com,"Mercer County, ND",81,200
floridapoly.edu,"Florida Polytechnic University",87,200
qac.org,"Queen Anne's County, MD",74,200
misscomo.net,"Mississippi County, MO",71,200
elkocountynv.net,"Elko County, NV",69,200
clearfieldcountypa.gov,"Clearfield County, PA",77,200
kingfisher.okcounties.org,"Kingfisher County, OK",72,200
claycountyga.net,"Clay County, GA",82,200
lapeercountymi.gov,"Lapeer County, MI",76,200
beaver.okcounties.org,"Beaver County, OK",72,200
sunymaritime.edu,"SUNY Maritime College",75,200
kenedycountytx.gov,"Kenedy County, TX",74,200
co.wahkiakum.wa.us,"Wahkiakum County, WA",76,200
co.sutton.tx.us,"Sutton County, TX",76,200
taoscounty.org,"Taos County, NM",72,200
montclair.edu,"Montclair State University",84,200
lemhicountyidaho.org,"Lemhi County, ID",74,200
poinsettar.gov,"Poinsett County, AR",74,200
co.ochiltree.tx.us,"Ochiltree County, TX",73,200
jsu.edu,"Jacksonville State University",79,200
saumag.edu,"Southern Arkansas University Main Campus",85,200
stonechild.edu,"Stone Child College",85,200
umbc.edu,"University of Maryland-Baltimore County",99,200
tamuct.edu,"Texas A&M University-Central Texas",84,200
hertfordcountync.gov,"Hertford County, NC",70,200
alamosacounty.org,"Alamosa County, CO",71,200
mainemaritime.edu,"Maine Maritime Academy",77,200
uni.edu,"University of Northern Iowa",90,200
usm.edu,"University of Southern Mississippi",84,200
missouristate.edu,"Missouri State University-Springfield",91,200
yanceycountync.gov,"Yancey County, NC",75,200
hamiltoncountyfl.com,"Hamilton County, FL",73,200
merrimackcounty.net,"Merrimack County, NH",75,200
uprrp.edu,"University of Puerto Rico-Rio Piedras",71,200
beauparish.org,"Beauregard Parish, LA",62,200
brackencounty.ky.gov,"Bracken County, KY",71,200
fremontcountyco.gov,"Fremont County, CO",74,200
churchillcountynv.gov,"Churchill County, NV",72,200
seattlecentral.edu,"Seattle Central College",81,200
falloncountymt.gov,"Fallon County, MT",72,200
moorecountync.gov,"Moore County, NC",77,200
walshcountynd.com,"Walsh County, ND",68,200
alamancecountync.gov,"Alamance County, NC",66,200
bentoncomo.com,"Benton County, MO",58,200
ferry-county.com,"Ferry County, WA",67,200
woodford-county.org,"Woodford County, IL",74,200
clintoncounty-ia.gov,"Clinton County, IA",77,200
oglecountyil.gov,"Ogle County, IL",74,200
co.pike.ms.us,"Pike County, MS",80,200
grayson.edu,"Grayson College",93,200
cherokeecountysc.gov,"Cherokee County, SC",81,200
callowaycountyky.gov,"Calloway County, KY",74,200
taylorcountyky.gov,"Taylor County, KY",82,200
tnstate.edu,"Tennessee State University",75,200
aleutianseast.org,"Aleutians East Borough, AK",80,200
maritime.edu,"Massachusetts Maritime Academy",70,200
washingtonco.illinois.gov,"Washington County, IL",67,200
hitchcockcounty.ne.gov,"Hitchcock County, NE",72,200
massart.edu,"Massachusetts College of Art and Design",92,200
vanzandtcounty.org,"Van Zandt County, TX",70,200
co.dodge.wi.gov,"Dodge County, WI",79,200
keweenawbay.org,"Baraga County, MI",74,200
montgomerycountyil.gov,"Montgomery County, IL",73,200
greenlee.az.gov,"Greenlee County, AZ",69,200
aikencountysc.gov,"Aiken County, SC",80,200
co.grand.co.us,"Grand County, CO",71,200
pearlrivercounty.net,"Pearl River County, MS",78,200
eauclairecounty.gov,"Eau Claire County, WI",80,200
umd.edu,"University of Maryland-College Park",90,200
easternflorida.edu,"Eastern Florida State College",94,200
co.donley.tx.us,"Donley County, TX",72,200
mcdonaldcountymo.gov,"McDonald County, MO",88,200
wayne.uakron.edu,"University of Akron Wayne College",88,200
bensoncountynd.com,"Benson County, ND",88,200
plattsburgh.edu,"State University of New York at Plattsburgh",89,200
edmunds.sdcounties.org,"Edmunds County, SD",86,200
northern.edu,"Northern State University",87,200
hookercountyne.gov,"Hooker County, NE",78,200
flaglercounty.gov,"Flagler County, FL",91,200
pcparish.org,"Pointe Coupee Parish, LA",87,200
henrycounty.ky.gov,"Henry County, KY",73,200
dallascollege.edu,"",91,200
magoffincounty.ky.gov,"Magoffin County, KY",71,200
letchercounty.ky.gov,"Letcher County, KY",71,200
ulstercountyny.gov,"Ulster County, NY",88,200
moorparkcollege.edu,"",73,200
grantcountynd.com,"Grant County, ND",77,200
halifaxnc.com,"Halifax County, NC",72,200
richland.org,"Richland County, MT",77,200
csulb.edu,"California State University-Long Beach",87,200
dutchessny.gov,"Dutchess County, NY",85,200
ramseycountynd.gov,"Ramsey County, ND",75,200
pagecounty.virginia.gov,"Page County, VA",73,200
lawrence.sd.us,"Lawrence County, SD",72,200
washakiecountywy.gov,"Washakie County, WY",73,200
hindscountyms.com,"Hinds County, MS",66,200
fairfieldsc.com,"Fairfield County, SC",83,200
wheatlandcomt.gov,"Wheatland County, MT",92,200
pontotoc.okcounties.org,"Pontotoc County, OK",77,200
jacksoncounty.iowa.gov,"Jackson County, IA",79,200
guamcc.edu,"Guam Community College",75,200
co.colorado.tx.us,"Colorado County, TX",73,200
alexandercountync.gov,"Alexander County, NC",77,200
law.cuny.edu,"CUNY School of Law",,995
shsu.edu,"Sam Houston State University",81,200
cwc.edu,"Central Wyoming College",84,200
ncf.edu,"New College of Florida",84,200
columbusco.org,"Columbus County, NC",80,200
westongov.com,"Weston County, WY",67,200
virginia.edu,"University of Virginia-Main Campus",88,200
deuelcountyne.gov,"Deuel County, NE",80,200
renvillecountynd.org,"Renville County, ND",61,200
wrangell.com,"Wrangell, AK",75,200
kerrcountytx.gov,"Kerr County, TX",88,200
rolettecountynd.gov,"Rolette County, ND",84,200
ouhsc.edu,"University of Oklahoma-Health Sciences Center",89,200
dickinsonstate.edu,"Dickinson State University",91,200
clark.wa.gov,"Clark County, WA",83,200
grundycountyil.gov,"Grundy County, IL",80,200
stutsmancounty.gov,"Stutsman County, ND",91,200
gmu.edu,"George Mason University",,995
co.dawson.tx.us,"Dawson County, TX",70,200
paulding.gov,"Paulding County, GA",77,200
co.fulton.pa.us,"Fulton County, PA",70,200
rrppj.org,"Red River Parish, LA",64,200
uwp.edu,"University of Wisconsin-Parkside",91,200
franklincountyny.gov,"Franklin County, NY",76,200
baxtercountyar.gov,"Baxter County, AR",67,200
nsuok.edu,"Northeastern State University",81,200
huntcounty.net,"Hunt County, TX",78,200
kennebec.gov,"Kennebec County, ME",77,200
co.holmes.oh.us,"Holmes County, OH",71,200
co.sherburne.mn.us,"Sherburne County, MN",75,200
chasecountyks.com,"Chase County, KS",72,200
udel.edu,"University of Delaware",73,200
untdallas.edu,"University of North Texas at Dallas",81,200
cheathamcountytn.gov,"Cheatham County, TN",70,200
co.jackson.ms.us,"Jackson County, MS",77,200
wcupa.edu,"West Chester University of Pennsylvania",80,200
jsums.edu,"Jackson State University",80,200
umassd.edu,"University of Massachusetts-Dartmouth",92,200
yellcountyar.gov,"Yell County, AR",72,200
unioncountyar.com,"Union County, AR",84,200
tccounty.com,"Towner County, ND",90,200
esf.edu,"SUNY College of Environmental Science and Forestry",84,200
greenecountymo.gov,"Greene County, MO",76,200
rivercog.org,"Lower Connecticut River Valley Planning Region, CT",87,200
clearcreekcounty.us,"Clear Creek County, CO",75,200
hamiltoncountytx.gov,"Hamilton County, TX",77,200
utsouthern.edu,"The University of Tennessee Southern",93,200
casscounty.com,"Cass County, MO",71,200
alvincollege.edu,"Alvin Community College",87,200
wvup.edu,"West Virginia University at Parkersburg",74,200
pamlicocounty.org,"Pamlico County, NC",70,200
bryan.okcounties.org,"Bryan County, OK",70,200
wheelercountyoregon.com,"Wheeler County, OR",85,200
co.hill.tx.us,"Hill County, TX",74,200
nashville.gov,"Davidson County, TN",88,200
shawnee.edu,"Shawnee State University",86,200
vermilliongov.us,"Vermillion County, IN",72,200
co.athensoh.org,"Athens County, OH",73,200
csn.edu,"College of Southern Nevada",83,200
bentoncountyor.gov,"Benton County, OR",78,200
oit.edu,"Oregon Institute of Technology",81,200
kean.edu,"Kean University",83,200
chippewacountywi.gov,"Chippewa County, WI",78,200
tiogacountypa.us,"Tioga County, PA",76,200
wolfecountyky.com,"Wolfe County, KY",65,200
fullerton.edu,"California State University-Fullerton",,995
browncountytx.gov,"Brown County, TX",76,200
fultoncountyar.gov,"Fulton County, AR",84,200
plymouthcountyma.gov,"Plymouth County, MA",77,200
claytoncountyia.gov,"Clayton County, IA",78,200
leelanau.gov,"Leelanau County, MI",80,200
dodgecounty.nebraska.gov,"Dodge County, NE",79,200
starkco.illinois.gov,"Stark County, IL",89,200
co.midland.tx.us,"Midland County, TX",77,200
clark-co.id.gov,"Clark County, ID",77,200
kentcounty.com,"Kent County, MD",77,200
fremontcountywy.org,"Fremont County, WY",74,200
carrollcountyohio.us,"Carroll County, OH",95,200
harfordcountymd.gov,"Harford County, MD",73,200
co.loving.tx.us,"Loving County, TX",75,200
henrycomo.com,"Henry County, MO",82,200
lafayettela.gov,"Lafayette Parish, LA",80,200
albanycountywy.gov,"Albany County, WY",75,200
cibolacountynm.com,"Cibola County, NM",66,200
westmoreland-county.org,"Westmoreland County, VA",75,200
calhouncountyga.com,"Calhoun County, GA",66,200
yakimacounty.us,"Yakima County, WA",77,200
co.caldwell.tx.us,"Caldwell County, TX",75,200
humphreyscountyms.com,"Humphreys County, MS",74,200
delawarecounty.iowa.gov,"Delaware County, IA",75,200
fscj.edu,"Florida State College at Jacksonville",76,200
fresnostate.edu,"California State University-Fresno",88,200
rockinghamcountynh.org,"Rockingham County, NH",68,200
southernct.edu,"Southern Connecticut State University",78,200
indy.gov,"Marion County, IN",71,200
hilo.hawaii.edu,"University of Hawaii at Hilo",90,200
desmoinescounty.iowa.gov,"Des Moines County, IA",79,200
foothill.edu,"Foothill College",86,200
umwestern.edu,"The University of Montana-Western",91,200
torrancecountynm.org,"Torrance County, NM",66,200
jacksoncountyfl.gov,"Jackson County, FL",88,200
clarkecountyms.gov,"Clarke County, MS",77,200
co.lipscomb.tx.us,"Lipscomb County, TX",77,200
co.clark.in.us,"Clark County, IN",75,200
yorkcountypa.gov,"York County, PA",74,200
buffalocountywi.gov,"Buffalo County, WI",86,200
marshall.sdcounties.org,"Marshall County, SD",87,200
nwabor.org,"Northwest Arctic Borough, AK",83,200
thenicc.edu,"Nebraska Indian Community College",88,200
kewauneeco.org,"Kewaunee County, WI",81,200
warrencounty.in.gov,"Warren County, IN",71,200
iredellcountync.gov,"Iredell County, NC",75,200
neshobacounty.net,"Neshoba County, MS",66,200
jacksonnc.org,"Jackson County, NC",68,200
gram.edu,"Grambling State University",75,200
campbellcountywy.gov,"Campbell County, WY",78,200
boonecountyky.org,"Boone County, KY",68,200
crowwing.gov,"Crow Wing County, MN",75,200
mahaskacountyia.gov,"Mahaska County, IA",68,200
lincolncountymt.us,"Lincoln County, MT",87,200
bledsoetn.com,"Bledsoe County, TN",70,200
meadeky.gov,"Meade County, KY",77,200
hancockin.gov,"Hancock County, IN",75,200
co.collingsworth.tx.us,"Collingsworth County, TX",70,200
lehighvalley.psu.edu,"Pennsylvania State University-Penn State Lehigh Valley",87,200
portercountyin.gov,"Porter County, IN",74,200
uiowa.edu,"University of Iowa",94,200
southseattle.edu,"South Seattle College",82,200
fentresscountytn.gov,"Fentress County, TN",93,200
co.fayette.tx.us,"Fayette County, TX",74,200
robesoncountync.gov,"Robeson County, NC",88,200
chemeketa.edu,"Chemeketa Community College",84,200
bedfordcountytn.gov,"Bedford County, TN",74,200
logancountyark.org,"Logan County, AR",70,200
kiowacountyok.us,"Kiowa County, OK",64,200
co.door.wi.gov,"Door County, WI",77,200
clarkecounty.iowa.gov,"Clarke County, IA",78,200
claycountytngov.com,"Clay County, TN",82,200
beaver.psu.edu,"Pennsylvania State University-Penn State Beaver",87,200
coal.okcounties.org,"Coal County, OK",70,200
wpunj.edu,"William Paterson University of New Jersey",85,200
uah.edu,"University of Alabama in Huntsville",76,200
parkercountytx.gov,"Parker County, TX",71,200
essexva.gov,"Essex County, VA",78,200
waynecountyne.gov,"Wayne County, NE",72,200
nsula.edu,"Northwestern State University of Louisiana",90,200
nuckollscountyne.gov,"Nuckolls County, NE",83,200
stonybrook.edu,"Stony Brook University",79,200
co.sabine.tx.us,"Sabine County, TX",66,200
lewiscountytn.com,"Lewis County, TN",90,200
chasecounty.nebraska.gov,"Chase County, NE",75,200
salinecounty.illinois.gov,"Saline County, IL",84,200
bullochcounty.net,"Bulloch County, GA",83,200
seminolecountyga.com,"Seminole County, GA",75,200
farmingdale.edu,"Farmingdale State College",80,200
hccs.edu,"Houston Community College",92,200
waynegov.com,"Wayne County, NC",77,200
franklincountypa.gov,"Franklin County, PA",84,200
hardemancounty.org,"Hardeman County, TN",65,200
marionsc.org,"Marion County, SC",72,200
baldwincountyga.com,"Baldwin County, GA",76,200
boundarycountyid.org,"Boundary County, ID",80,200
presqueislecounty.org,"Presque Isle County, MI",81,200
suu.edu,"Southern Utah University",92,200
scottcountyms.gov,"Scott County, MS",69,200
york.psu.edu,"Pennsylvania State University-Penn State York",82,200
ua.edu,"The University of Alabama",83,200
prentisscounty.org,"Prentiss County, MS",64,200
mineralcountynv.us,"Mineral County, NV",81,200
mccrackencountyky.gov,"McCracken County, KY",72,200
co.delaware.oh.us,"Delaware County, OH",83,200
mcneese.edu,"McNeese State University",85,200
onslowcountync.gov,"Onslow County, NC",72,200
uwrf.edu,"University of Wisconsin-River Falls",73,200
dsu.edu,"Dakota State University",86,200
marianas.edu,"Northern Marianas College",70,200
taftcollege.edu,"Taft College",84,200
hancockcounty.ms.gov,"Hancock County, MS",77,200
calhouncountyfl.gov,"Calhoun County, FL",85,200
southalabama.edu,"University of South Alabama",82,200
bullittky.com,"Bullitt County, KY",52,200
custer.okcounties.org,"Custer County, OK",73,200
co.crosby.tx.us,"Crosby County, TX",73,200
oscodacountymi.com,"Oscoda County, MI",74,200
sevier.utah.gov,"Sevier County, UT",71,200
atchisoncountyks.org,"Atchison County, KS",72,200
countyofbristol.net,"Bristol County, MA",67,200
nicholascountywv.org,"Nicholas County, WV",90,200
hallcountyne.gov,"Hall County, NE",77,200
kingcounty.gov,"King County, WA",88,200
roscommoncounty.net,"Roscommon County, MI",75,200
co.fayette.in.us,"Fayette County, IN",69,200
coahomacounty.net,"Coahoma County, MS",80,200
hamiltoncountyne.gov,"Hamilton County, NE",90,200
co.otero.nm.us,"Otero County, NM",75,200
co.san-augustine.tx.us,"San Augustine County, TX",71,200
venturacounty.gov,"Ventura County, CA",59,200
newcastlede.gov,"New Castle County, DE",76,200
knoxcountymo.org,"Knox County, MO",74,200
graysharbor.us,"Grays Harbor County, WA",67,200
una.edu,"University of North Alabama",81,200
jfcountyks.com,"Jefferson County, KS",75,200
ufonline.ufl.edu,"University of Florida-Online",90,200
tazewell-il.gov,"Tazewell County, IL",86,200
siouxcountyne.gov,"Sioux County, NE",83,200
millercountyga.gov,"Miller County, GA",69,200
uog.edu,"University of Guam",76,200
ascensionparish.net,"Ascension Parish, LA",88,200
greenriver.edu,"Green River College",81,200
sanjuancountywa.gov,"San Juan County, WA",73,200
wilkesbarre.psu.edu,"Pennsylvania State University-Penn State Wilkes-Barre",87,200
cscc.edu,"Columbus State Community College",88,200
schenectadycountyny.gov,"Schenectady County, NY",70,200
oldhamcountyky.gov,"Oldham County, KY",84,200
wyomingcountyny.gov,"Wyoming County, NY",74,200
burnettcountywi.gov,"Burnett County, WI",76,200
appanoosecounty.iowa.gov,"Appanoose County, IA",88,200
alpenacounty.org,"Alpena County, MI",74,200
douglascountyga.gov,"Douglas County, GA",77,200
fergusmt.gov,"Fergus County, MT",80,200
conwaycountyar.com,"Conway County, AR",77,200
osageco.org,"Osage County, KS",74,200
dallascountyiowa.gov,"Dallas County, IA",78,200
scottky.gov,"Scott County, KY",96,200
fayettecounty.iowa.gov,"Fayette County, IA",70,200
uapb.edu,"University of Arkansas at Pine Bluff",90,200
co.price.wi.us,"Price County, WI",74,200
pipestone-county.com,"Pipestone County, MN",74,200
millscountyiowa.gov,"Mills County, IA",72,200
adamscountynd.com,"Adams County, ND",75,200
hamiltoncountyks.org,"Hamilton County, KS",73,200
pikecoga.com,"Pike County, GA",84,200
tntech.edu,"Tennessee Technological University",84,200
co.washburn.wi.us,"Washburn County, WI",81,200
newark.rutgers.edu,"Rutgers University-Newark",85,200
morris.umn.edu,"University of Minnesota-Morris",91,200
cpp.edu,"California State Polytechnic University-Pomona",83,200
wataugacounty.org,"Watauga County, NC",81,200
nyecountynv.gov,"Nye County, NV",76,200
indianapolis.iu.edu,"Indiana University-Indianapolis",95,200
webstercountyga.org,"Webster County, GA",57,200
burleigh.gov,"Burleigh County, ND",91,200
kokomo.iu.edu,"Indiana University-Kokomo",94,200
waynecountyny.gov,"Wayne County, NY",74,200
boonecounty.in.gov,"Boone County, IN",81,200
vinu.edu,"Vincennes University",87,200
oneidacountywi.gov,"Oneida County, WI",75,200
seminolecountyok.com,"Seminole County, OK",73,200
wku.edu,"Western Kentucky University",86,200
countyofelkpa.gov,"Elk County, PA",83,200
sjsu.edu,"San Jose State University",82,200
rockcountyne.gov,"Rock County, NE",83,200
dgcoks.gov,"Douglas County, KS",75,200
androscoggincountymaine.gov,"Androscoggin County, ME",75,200
grantcounty.ky.gov,"Grant County, KY",70,200
vanburencountymi.gov,"Van Buren County, MI",83,200
clackamas.us,"Clackamas County, OR",66,200
usf.edu,"University of South Florida",79,200
kalkaskacounty.net,"Kalkaska County, MI",68,200
cascadia.edu,"Cascadia College",76,200
oxfordcounty.org,"Oxford County, ME",78,200
polknc.gov,"Polk County, NC",71,200
mecklenburgva.com,"Mecklenburg County, VA",73,200
randolphcountync.gov,"Randolph County, NC",76,200
camdencountyga.gov,"Camden County, GA",73,200
schohariecounty-ny.gov,"Schoharie County, NY",70,200
wheelercounty.texas.gov,"Wheeler County, TX",79,200
livingstoncountyil.gov,"Livingston County, IL",72,200
whitecounty.ar.gov,"White County, AR",89,200
sunyempire.edu,"Empire State University",84,200
caldwellcountync.org,"Caldwell County, NC",71,200
valleycountyne.gov,"Valley County, NE",80,200
co.briscoe.tx.us,"Briscoe County, TX",74,200
vanburencountyar.gov,"Van Buren County, AR",87,200
co.adams.in.us,"Adams County, IN",76,200
smithcotn.com,"Smith County, TN",69,200
lawrencecounty.org,"Lawrence County, OH",84,200
cedarcountyne.gov,"Cedar County, NE",83,200
tiogacountyny.com,"Tioga County, NY",68,200
wwu.edu,"Western Washington University",90,200
franklincountywa.gov,"Franklin County, WA",77,200
richmondnc.com,"Richmond County, NC",73,200
lco.edu,"Lac Courte Oreilles Ojibwe University",83,200
amitecounty.ms,"Amite County, MS",66,200
ndsu.edu,"North Dakota State University-Main Campus",78,200
seviercountyar.org,"Sevier County, AR",66,200
carrollcountymo.gov,"Carroll County, MO",74,200
co.calumet.wi.us,"Calumet County, WI",70,200
terrellcountyga.gov,"Terrell County, GA",68,200
boxeldercountyut.gov,"Box Elder County, UT",79,200
co.cass.il.us,"Cass County, IL",73,200
co.washington.tx.us,"Washington County, TX",70,200
kennesaw.edu,"Kennesaw State University",84,200
co.hancock.oh.us,"Hancock County, OH",69,200
millscountytx.gov,"Mills County, TX",81,200
wagonercounty.ok.gov,"Wagoner County, OK",77,200
hernandocounty.us,"Hernando County, FL",87,200
hughescounty.org,"Hughes County, SD",81,200
sanjuancountyut.gov,"San Juan County, UT",76,200
uh.edu,"University of Houston",89,200
olemiss.edu,"University of Mississippi",86,200
westliberty.edu,"West Liberty University",91,200
udc.edu,"University of the District of Columbia",85,200
co.goliad.tx.us,"Goliad County, TX",75,200
hanovercounty.gov,"Hanover County, VA",72,200
utahcounty.gov,"Utah County, UT",81,200
bathcounty.ky.gov,"Bath County, KY",80,200
ks497.cichosting.com,"Lincoln County, KS",61,200
decaturcountyga.gov,"Decatur County, GA",61,200
sweetwatercountywy.gov,"Sweetwater County, WY",70,200
charlevoixcounty.org,"Charlevoix County, MI",69,200
mtu.edu,"Michigan Technological University",94,200
oglethorpecountyga.gov,"Oglethorpe County, GA",84,200
quaycounty-nm.gov,"Quay County, NM",68,200
lamarcountyga.com,"Lamar County, GA",72,200
nmsu.edu,"New Mexico State University-Main Campus",80,200
cumberlandcountyme.gov,"Cumberland County, ME",81,200
chisagocountymn.gov,"Chisago County, MN",79,200
sanilaccounty.gov,"Sanilac County, MI",70,200
tomgreencountytx.gov,"Tom Green County, TX",73,200
hamiltontn.gov,"Hamilton County, TN",79,200
transylvaniacounty.org,"Transylvania County, NC",74,200
co.howard.tx.us,"Howard County, TX",76,200
greenecountypa.gov,"Greene County, PA",81,200
southamptoncounty.org,"Southampton County, VA",71,200
uconn.edu,"University of Connecticut",89,200
mansfield.osu.edu,"Ohio State University-Mansfield Campus",87,200
co.oldham.tx.us,"Oldham County, TX",78,200
bighorncountywy.gov,"Big Horn County, WY",68,200
walkercountyga.gov,"Walker County, GA",94,200
msun.edu,"Montana State University-Northern",65,200
allencounty.in.gov,"Allen County, IN",74,200
conppj.org,"Concordia Parish, LA",83,200
tetoncountyidaho.gov,"Teton County, ID",73,200
hartford.uconn.edu,"University of Connecticut-Hartford Campus",83,200
tehama.gov,"Tehama County, CA",75,200
co.clarion.pa.us,"Clarion County, PA",67,200
valdosta.edu,"Valdosta State University",73,200
uncsa.edu,"University of North Carolina School of the Arts",88,200
troy.edu,"Troy University",80,200
co.valencia.nm.us,"Valencia County, NM",77,200
usao.edu,"University of Science and Arts of Oklahoma",75,200
co.real.tx.us,"Real County, TX",72,200
hcnh.org,"Hillsborough County, NH",75,200
kane.utah.gov,"Kane County, UT",81,200
morgancountymo.gov,"Morgan County, MO",80,200
unh.edu,"University of New Hampshire-Main Campus",82,200
georgiasouthern.edu,"Georgia Southern University",93,200
jeffersoncountyfl.gov,"Jefferson County, FL",88,200
phsc.edu,"Pasco-Hernando State College",81,200
knoxcounty.org,"Knox County, TN",76,200
colfaxcountyne.gov,"Colfax County, NE",83,200
warrencountyva.gov,"Warren County, VA",73,200
lafayettecountymo.gov,"Lafayette County, MO",65,200
decaturcountytn.gov,"Decatur County, TN",85,200
eiu.edu,"Eastern Illinois University",79,200
mcleancountynd.gov,"McLean County, ND",85,200
delhi.edu,"SUNY College of Technology at Delhi",76,200
deltacountyco.gov,"Delta County, CO",76,200
wellscounty.org,"Wells County, IN",85,200
claycounty.iowa.gov,"Clay County, IA",73,200
carrollcountynh.gov,"Carroll County, NH",78,200
henrico.gov,"Henrico County, VA",91,200
desotocountyms.gov,"DeSoto County, MS",76,200
juabcounty.gov,"Juab County, UT",93,200
hamlinco.us,"Hamlin County, SD",84,200
nelsoncounty-va.gov,"Nelson County, VA",86,200
co.beaufort.nc.us,"Beaufort County, NC",69,200
purchase.edu,"SUNY at Purchase College",89,200
buffalo.sdcounties.org,"Buffalo County, SD",87,200
co.brooks.tx.us,"Brooks County, TX",75,200
masoncountywa.gov,"Mason County, WA",78,200
humboldtcountynv.gov,"Humboldt County, NV",74,200
savannahstate.edu,"Savannah State University",94,200
logancountyok.com,"Logan County, OK",73,200
co.lamb.tx.us,"Lamb County, TX",75,200
saratogacountyny.gov,"Saratoga County, NY",78,200
mecknc.gov,"Mecklenburg County, NC",76,200
whatcomcounty.us,"Whatcom County, WA",75,200
hazleton.psu.edu,"Pennsylvania State University-Penn State Hazleton",88,200
accgov.com,"Clarke County, GA",73,200
matagordatx.gov,"Matagorda County, TX",78,200
somervell.co,"Somervell County, TX",73,200
pasquotankcountync.org,"Pasquotank County, NC",76,200
aamu.edu,"Alabama A & M University",,995
hancockcountyga.gov,"Hancock County, GA",80,200
nmu.edu,"Northern Michigan University",96,200
osumarion.osu.edu,"Ohio State University-Marion Campus",88,200
mywakulla.com,"Wakulla County, FL",71,200
uakron.edu,"University of Akron Main Campus",83,200
roanecountytn.gov,"Roane County, TN",75,200
camden.rutgers.edu,"Rutgers University-Camden",83,200
saltlakecounty.gov,"Salt Lake County, UT",84,200
houghtoncounty.net,"Houghton County, MI",77,200
east.iu.edu,"Indiana University-East",91,200
dentoncounty.gov,"Denton County, TX",75,200
rowan.edu,"Rowan University",84,200
summitcountyutah.gov,"Summit County, UT",79,200
coffeycountyks.org,"Coffey County, KS",72,200
co.karnes.tx.us,"Karnes County, TX",69,200
alleghanycounty-nc.gov,"Alleghany County, NC",81,200
co.navarro.tx.us,"Navarro County, TX",75,200
co.wharton.tx.us,"Wharton County, TX",70,200
courthouse.kay.ok.us,"Kay County, OK",72,200
washingtoncountyga.gov,"Washington County, GA",73,200
minidoka.id.us,"Minidoka County, ID",75,200
uwgb.edu,"University of Wisconsin-Green Bay",90,200
teacherscollegesj.edu,"Teachers College of San Joaquin",86,200
countyofupshur.com,"Upshur County, TX",69,200
unomaha.edu,"University of Nebraska at Omaha",77,200
lincolnu.edu,"Lincoln University",90,200
iowacounty.iowa.gov,"Iowa County, IA",77,200
kentcountymi.gov,"Kent County, MI",75,200
blandcountyva.gov,"Bland County, VA",74,200
d.umn.edu,"University of Minnesota-Duluth",92,200
co.jefferson-davis.ms.us,"Jefferson Davis County, MS",77,200
washington.edu,"University of Washington-Seattle Campus",83,200
claycountysd.org,"Clay County, SD",61,200
chestercountysc.gov,"Chester County, SC",57,200
tacoma.uw.edu,"University of Washington-Tacoma Campus",85,200
prestoncountywv.gov,"Preston County, WV",76,200
highlands.edu,"Georgia Highlands College",86,200
wichitacounty.org,"Wichita County, KS",75,200
uci.edu,"University of California-Irvine",92,200
oppj.org,"Ouachita Parish, LA",74,200
charteroak.edu,"Charter Oak State College",87,200
leecountysc.org,"Lee County, SC",74,200
daviscountyiowa.gov,"Davis County, IA",74,200
jeffdavis.org,"Jefferson Davis Parish, LA",84,200
lafayettecountyfl.org,"Lafayette County, FL",84,200
co.mower.mn.us,"Mower County, MN",70,200
piercecountywa.gov,"Pierce County, WA",74,200
calpoly.edu,"California Polytechnic State University-San Luis Obispo",83,200
greenecountyms.gov,"Greene County, MS",88,200
co.andrews.tx.us,"Andrews County, TX",75,200
tillman.okcounties.org,"Tillman County, OK",70,200
cookcountyga.us,"Cook County, GA",88,200
calhouncountyil.gov,"Calhoun County, IL",86,200
baycountyfl.gov,"Bay County, FL",74,200
evanscounty.org,"Evans County, GA",77,200
multco.us,"Multnomah County, OR",88,200
levycounty.org,"Levy County, FL",73,200
lawrencecountyarkansas.com,"Lawrence County, AR",61,200
fishercounty.org,"Fisher County, TX",69,200
berkeleywv.org,"Berkeley County, WV",74,200
assumptionla.com,"Assumption Parish, LA",72,200
haskellcountytx.gov,"Haskell County, TX",73,200
uams.edu,"University of Arkansas for Medical Sciences",83,200
vppjla.com,"Vernon Parish, LA",71,200
tpcg.org,"Terrebonne Parish, LA",80,200
montgomerycountymd.gov,"Montgomery County, MD",83,200
co.zapata.tx.us,"Zapata County, TX",72,200
nevadacountyca.gov,"Nevada County, CA",77,200
dinwiddieva.us,"Dinwiddie County, VA",73,200
maricopa.gov,"Maricopa County, AZ",72,200
co.muskegon.mi.us,"Muskegon County, MI",78,200
faulknercountyar.gov,"Faulkner County, AR",82,200
co.upton.tx.us,"Upton County, TX",72,200
ccsu.edu,"Central Connecticut State University",78,200
parkcounty-wy.gov,"Park County, WY",92,200
co.lancaster.pa.us,"Lancaster County, PA",75,200
co.coke.tx.us,"Coke County, TX",71,200
sarpy.gov,"Sarpy County, NE",71,200
jeffersoncounty.illinois.gov,"Jefferson County, IL",74,200
boydcountyky.gov,"Boyd County, KY",77,200
cochise.edu,"Cochise County Community College District",84,200
panolacoms.com,"Panola County, MS",75,200
gardencounty.ne.gov,"Garden County, NE",84,200
pulaskigov.com,"Pulaski County, KY",81,200
co.tippah.ms.us,"Tippah County, MS",83,200
co.walworth.wi.us,"Walworth County, WI",76,200
sullivancountytn.gov,"Sullivan County, TN",68,200
centralstate.edu,"Central State University",79,200
coopercountymo.gov,"Cooper County, MO",83,200
lyoncounty.iowa.gov,"Lyon County, IA",81,200
crk.umn.edu,"University of Minnesota-Crookston",88,200
salinecounty.org,"Saline County, AR",74,200
andersoncountyks.org,"Anderson County, KS",65,200
herkimercountyny.gov,"Herkimer County, NY",81,200
loupcounty.nebraska.gov,"Loup County, NE",73,200
hunter.cuny.edu,"CUNY Hunter College",90,200
gc.edu,"Galveston College",89,200
unioncountyohio.gov,"Union County, OH",77,200
co.hemphill.tx.us,"Hemphill County, TX",74,200
lincolncountync.gov,"Lincoln County, NC",78,200
co.baylor.tx.us,"Baylor County, TX",74,200
granvillecounty.org,"Granville County, NC",72,200
ucnj.org,"Union County, NJ",91,200
navarrocollege.edu,"Navarro College",66,200
co.starr.tx.us,"Starr County, TX",78,200
co.hansford.tx.us,"Hansford County, TX",74,200
fmarion.edu,"Francis Marion University",82,200
missaukee.org,"Missaukee County, MI",63,200
co.sauk.wi.us,"Sauk County, WI",69,200
moultriecountyil.gov,"Moultrie County, IL",80,200
greenvillecounty.org,"Greenville County, SC",53,200
crittendencountyar.org,"Crittenden County, AR",82,200
co.tuscarawas.oh.us,"Tuscarawas County, OH",77,200
tulsacounty.org,"Tulsa, OK",71,200
pocahontascountywv.com,"Pocahontas County, WV",85,200
loudoun.gov,"Loudoun County, VA",73,200
bentoncounty.in.gov,"Benton County, IN",87,200
greenecountyil.org,"Greene County, IL",84,200
macoupincountyil.gov,"Macoupin County, IL",87,200
gospercountyne.gov,"Gosper County, NE",83,200
massaccountyil.gov,"Massac County, IL",78,200
haskell.edu,"Haskell Indian Nations University",86,200
columbusga.gov,"Muscogee County, GA",76,200
co.jim-hogg.tx.us,"Jim Hogg County, TX",73,200
truman.edu,"Truman State University",90,200
contracosta.ca.gov,"Contra Costa County, CA",74,200
louisiana.edu,"University of Louisiana at Lafayette",85,200
dicksoncountytn.gov,"Dickson County, TN",66,200
rooseveltcounty.com,"Roosevelt County, NM",65,200
sandovalcountynm.gov,"Sandoval County, NM",79,200
santafecountynm.gov,"Santa Fe County, NM",82,200
nicholls.edu,"Nicholls State University",,995
renvillecountymn.gov,"Renville County, MN",83,200
stephensoncountyil.gov,"Stephenson County, IL",73,200
lenoircountync.gov,"Lenoir County, NC",79,200
calhouncountymi.gov,"Calhoun County, MI",74,200
stanlycountync.gov,"Stanly County, NC",74,200
deltacountymi.gov,"Delta County, MI",74,200
applingcountyga.org,"Appling County, GA",85,200
crawfordcountyga.org,"Crawford County, GA",70,200
prattcounty.org,"Pratt County, KS",75,200
greenecountyga.gov,"Greene County, GA",72,200
clarkcountyil.org,"Clark County, IL",65,200
summitcountyco.gov,"Summit County, CO",77,200
graingercountytn.com,"Grainger County, TN",83,200
browncounty-in.gov,"Brown County, IN",74,200
ouraycountyco.gov,"Ouray County, CO",77,200
jjay.cuny.edu,"CUNY John Jay College of Criminal Justice",80,200
barrycountycollector.com,"Barry County, MO",69,200
monroecountyohio.net,"Monroe County, OH",75,200
co.strafford.nh.us,"Strafford County, NH",77,200
olmstedcounty.gov,"Olmsted County, MN",88,200
spaldingcounty.com,"Spalding County, GA",66,200
peachcounty.gov,"Peach County, GA",72,200
spcollege.edu,"St Petersburg College",97,200
shenandoahcountyva.gov,"Shenandoah County, VA",74,200
com.edu,"College of the Mainland",95,200
lewiscountyny.gov,"Lewis County, NY",89,200
wayne.edu,"Wayne State University",97,200
shelbycounty.iowa.gov,"Shelby County, IA",78,200
lasallecountyil.gov,"LaSalle County, IL",77,200
sru.edu,"Slippery Rock University of Pennsylvania",89,200
albany.edu,"University at Albany",86,200
stoneco-mo.us,"Stone County, MO",59,200
rutherfordcountync.gov,"Rutherford County, NC",70,200
madisonco.virginia.gov,"Madison County, VA",77,200
murraycountyga.org,"Murray County, GA",72,200
brookingscountysd.gov,"Brookings County, SD",72,200
rtc.edu,"Renton Technical College",83,200
greaterallegheny.psu.edu,"Pennsylvania State University-Penn State Greater Allegheny",90,200
jacksoncounty-il.gov,"Jackson County, IL",76,200
keithcountyne.gov,"Keith County, NE",58,200
ucr.edu,"University of California-Riverside",79,200
fgc.edu,"Florida Gateway College",92,200
crawford-co.org,"Crawford County, OH",81,200
uwf.edu,"University of West Florida",83,200
sittingbull.edu,"Sitting Bull College",83,200
wellscountynd.com,"Wells County, ND",83,200
holmescountyfla.com,"Holmes County, FL",82,200
greenecountyva.gov,"Greene County, VA",74,200
cameroncountypa.com,"Cameron County, PA",74,200
hillcounty.us,"Hill County, MT",63,200
boxbuttecountyne.gov,"Box Butte County, NE",81,200
sanmiguelcountyco.gov,"San Miguel County, CO",75,200
lima.osu.edu,"Ohio State University-Lima Campus",88,200
uhd.edu,"University of Houston-Downtown",93,200
montourcounty.gov,"Montour County, PA",76,200
co.lincoln.or.us,"Lincoln County, OR",74,200
idacounty.iowa.gov,"Ida County, IA",80,200
jerseycounty-il.gov,"Jersey County, IL",80,200
mcmullencounty.org,"McMullen County, TX",73,200
desotobocc.com,"DeSoto County, FL",77,200
bleckley.org,"Bleckley County, GA",88,200
haralsoncountyga.gov,"Haralson County, GA",70,200
wvstateu.edu,"West Virginia State University",89,200
putnamcountyohio.gov,"Putnam County, OH",63,200
rosebudcountymt.gov,"Rosebud County, MT",76,200
lancova.com,"Lancaster County, VA",50,200
georgecountyms.com,"George County, MS",66,200
waynecountytn.org,"Wayne County, TN",63,200
surrycountyva.gov,"Surry County, VA",72,200
newkensington.psu.edu,"Pennsylvania State University-Penn State New Kensington",85,200
leecountyil.com,"Lee County, IL",77,200
huerfano.us,"Huerfano County, CO",78,200
nwc.edu,"Northwest College",92,200
dconc.gov,"Durham County, NC",77,200
washingtoncountyny.gov,"Washington County, NY",73,200
stantoncounty.nebraska.gov,"Stanton County, NE",74,200
creekcountyonline.com,"Creek County, OK",76,200
stmartinparish.net,"Saint Martin Parish, LA",74,200
boydcounty.ne.gov,"Boyd County, NE",81,200
co.caroline.va.us,"Caroline County, VA",74,200
co.hardeman.tx.us,"Hardeman County, TX",71,200
boonecountywv.org,"Boone County, WV",56,200
bakersfieldcollege.edu,"Bakersfield College",92,200
alconacountymi.com,"Alcona County, MI",79,200
westfield.ma.edu,"Westfield State University",89,200
goldenvalleycounty.org,"Golden Valley County, ND",84,200
sibleycounty.gov,"Sibley County, MN",76,200
mnstate.edu,"Minnesota State University Moorhead",81,200
suny.buffalostate.edu,"SUNY Buffalo State University",89,200
mariescountymo.gov,"Maries County, MO",68,200
dimmitcounty.org,"Dimmit County, TX",66,200
co.potter.tx.us,"Potter County, TX",68,200
juneau.org,"Juneau, AK",74,200
nwfsc.edu,"Northwest Florida State College",83,200
lssu.edu,"Lake Superior State University",86,200
uspis.gov,"United States Postal Service",69,200
msutexas.edu,"Midwestern State University",93,200
godirect.gov,"Department of the Treasury",69,200
wcut.maine.gov,"Washington County Unorganized Territories, ME",77,200
proudlyservingbook.com,"",97,200
countyofcolumbia.org,"Columbia County, AR",58,200
bowmannd.com,"Bowman County, ND",78,200
usca.edu,"University of South Carolina Aiken",81,200
neomed.edu,"Northeast Ohio Medical University",88,200
henderson-county.com,"Henderson County, TX",74,200
suffolkcountyny.gov,"Suffolk County, NY",79,200
eap.edu,"Escuela de Artes Plasticas y Diseno de Puerto Rico",78,200
claytoncountyga.gov,"",,995
csuci.edu,"",91,200
sulross.edu,"Sul Ross State University",86,200
co.mckinley.nm.us,"McKinley County, NM",74,200
waynecountymi.gov,"",93,200
haywoodcountync.gov,"Haywood County, NC",77,200
co.jim-wells.tx.us,"Jim Wells County, TX",75,200
k-state.edu,"Kansas State University",86,200
co.wilson.tx.us,"Wilson County, TX",73,200
co.marion.tx.us,"Marion County, TX",70,200
como.gov,"City of Columbia, MO",91,200
myflorida.gov,"State of Florida",90,200
pay.gov,"Department of the Treasury",73,200
onrr.gov,"Department of the Interior",84,200
joliet.gov,"City of Joliet, IL",89,200
fontanaca.gov,"City of Fontana, CA",78,200
spd15revision.gov,"Department of Commerce",69,200
tigta.gov,"Department of the Treasury",78,200
ppms.gov,"General Services Administration",78,200
computersforlearning.gov,"General Services Administration",77,200
trainingproviderresults.gov,"Department of Labor",59,200
elmonteca.gov,"City of El Monte, CA",78,200
ontarioca.gov,"City of Ontario, CA",88,200
fhlbsea.com,"Interagency Collaboration",67,200
fvap.gov,"Department of Defense",72,200
ca.gov,"State of California",98,200
anaheim.net,"City of Anaheim, CA",70,200
integrity.gov,"Office of Government Ethics",63,200
toledo.oh.gov,"City of Toledo, OH",98,200
facadatabase.gov,"General Services Administration",72,200
healthdata.gov,"Department of Health and Human Services",87,200
gmta.gov,"Department of Health and Human Services",76,200
memphistn.gov,"City of Memphis, TN",87,200
sji.gov,"State Justice Institute",63,200
rrnm.gov,"City of Rio Rancho, NM",75,200
fleta.gov,"Department of Homeland Security",81,200
fmshrc.gov,"Federal Mine Safety and Health Review Commission",71,200
frtr.gov,"Environmental Protection Agency",70,200
enviroflash.info,"Environmental Protection Agency",77,200
doioig.gov,"Department of the Interior",84,200
ccac.gov,"Department of the Treasury",78,200
marshallcenter.org,"George C. Marshall European Center for Security Studies",76,200
usgovernmentmanual.gov,"Government Publishing Office",68,200
miamigardens-fl.gov,"City of Miami Gardens, FL",74,200
garlandtx.gov,"City of Garland, TX",75,200
fdms.gov,"General Services Administration",69,200
nemi.gov,"Department of the Interior",78,200
vaccines.gov,"Department of Health and Human Services",84,200
georgewbushlibrary.gov,"National Archives and Records Administration",77,200
lynnma.gov,"City of Lynn, MA",71,200
albanyny.gov,"City of Albany, NY",80,200
springvalleytx.com,"City of Spring Valley Village, TX",72,200
murfreesborotn.gov,"City of Murfreesboro, TN",78,200
secretservice.gov,"Department of Homeland Security",83,200
eac.gov,"Election Assistance Commission",78,200
donotcall.gov,"Federal Trade Commission",75,200
rochestermn.gov,"City of Rochester, MN",94,200
cjis.gov,"Department of Justice",68,200
seattle.gov,"City of Seattle, WA",80,200
wichita.gov,"City of Wichita, KS",77,200
usbg.gov,"Architect of the Capitol",78,200
calvertcountymd.gov,"Calvert County, MD",73,200
houstontx.gov,"City of Houston, TX",74,200
wapa.gov,"Department of Energy",76,200
wyo.gov,"State of Wyoming",82,200
airnow.gov,"Environmental Protection Agency",77,200
columbiasc.gov,"City of Columbia, SC",76,200
smithsonianstore.com,"Smithsonian Institution",84,200
fan.gov,"Department of State",73,200
spaceweather.gov,"Department of Commerce",75,200
abilenetx.gov,"City of Abilene, TX",76,200
clu-in.org,"Environmental Protection Agency",75,200
crb.gov,"Library of Congress",63,200
inclusiveapprenticeship.org,"Department of Labor",69,200
harrisburgpa.gov,"City of Harrisburg, PA",72,200
cityofnampa.us,"City of Nampa, ID",74,200
elginil.gov,"City of Elgin, IL",77,200
freefilefillableforms.com,"Internal Revenue Service",64,200
savannahga.gov,"City of Savannah, GA",75,200
tvaoig.gov,"Tennessee Valley Authority",69,200
bismarcknd.gov,"City of Bismarck, ND",73,200
restorethegulf.gov,"Gulf Coast Ecosystem Restoration Council",74,200
hialeahfl.gov,"City of Hialeah, FL",79,200
collegedrinkingprevention.gov,"Department of Health and Human Services",85,200
srnl.gov,"Department of Energy",93,200
cftc.gov,"Commodity Futures Trading Commission",75,200
irvingtx.gov,"City of Irving, TX",75,200
nnva.gov,"City of Newport News, VA",81,200
biomassboard.gov,"Department of Energy",70,200
rfa.org,"U.S. Agency for Global Media",75,200
kannapolisnc.gov,"City of Concord, NC",68,200
dekalbcountyga.gov,"DeKalb County, GA",87,200
museumonmainstreet.org,"Smithsonian Institution",58,200
cityofmesquite.com,"City of Mesquite, TX",76,200
oklahoma.gov,"State of Oklahoma",85,200
idaho.gov,"State of Idaho",87,200
nersc.gov,"Department of Energy",92,200
norfolk.gov,"City of Norfolk, VA",75,200
escondido.gov,"City of Escondido, CA",74,200
mspb.gov,"Merit Systems Protection Board",88,200
usaid.gov,"U.S. Agency for International Development",67,200
fda.gov,"Department of Health and Human Services",92,200
lbjlibrary.org,"National Archives and Records Administration",79,200
quantum.gov,"Executive Office of the President",84,200
oshrc.gov,"Occupational Safety and Health Review Commission",94,200
vaoig.gov,"Department of Veterans Affairs",78,200
ct.gov,"State of Connecticut",91,200
plano.gov,"City of Plano, TX",79,200
yonkersny.gov,"City of Yonkers, NY",75,200
cityofsouthfultonga.gov,"City of South Fulton, GA",77,200
uscgaux.info,"U.S. Coast Guard Auxiliary",64,200
samhsa.gov,"Department of Health and Human Services",84,200
foreignassistance.gov,"U.S. Agency for International Development",81,200
dearborn.gov,"City of Dearborn, MI",72,200
alhurra.com,"U.S. Agency for Global Media",91,200
symbols.gov,"U.S. Department of Agriculture",77,200
robodeidentidad.gov,"Federal Trade Commission",87,200
noradsanta.org,"North American Aerospace Defense Command",71,200
jlab.org,"Department of Energy",81,200
newyorkfed.org,"Federal Reserve Board",62,200
cbp.gov,"Department of Homeland Security",94,200
airknowledge.gov,"Environmental Protection Agency",68,200
fayettevillenc.gov,"City of Fayetteville, NC",84,200
snohomishcountywa.gov,"Snohomish County, WA",77,200
concordnc.gov,"City of Concord, NC",78,200
wilmingtonnc.gov,"City of Wilmington, NC",90,200
citap.gov,"Department of Energy",78,200
federalreserveeducation.org,"Federal Reserve Board",73,200
fargond.gov,"City of Fargo, ND",74,200
jerseycitynj.gov,"City of Jersey City, NJ",71,200
iprcenter.gov,"Department of Justice",75,200
charlestonwv.gov,"City of Charleston, WV",67,200
asianpacificheritage.gov,"Library of Congress",78,200
uspreventiveservicestaskforce.org,"Department of Health and Human Services",73,200
nmb.gov,"National Mediation Board",75,200
temeculaca.gov,"City of Temecula, CA",81,200
si.edu,"Smithsonian Institution",,995
research.gov,"National Science Foundation",65,200
iwtsd.gov,"Department of Defense",72,200
alabama.gov,"State of Alabama",79,200
vermont.gov,"State of Vermont",83,200
louisiana.gov,"State of Louisiana",78,200
tn.gov,"State of Tennessee",82,200
smithsoniancraftshow.org,"Smithsonian Institution",74,200
pmf.gov,"Office of Personnel Management",72,200
manufacturing.gov,"Department of Commerce",75,200
pa.gov,"State of Pennsylvania",90,200
fd.org,"U.S. Courts",70,200
usphs.gov,"Department of Health and Human Services",87,200
jccs.gov,"Department of Defense",63,200
csce.gov,"The Legislative Branch",82,200
hud.gov,"Department of Housing and Urban Development",68,200
hanford.gov,"Department of Energy",75,200
medicare.gov,"Department of Health and Human Services",93,200
childcare.gov,"Department of Health and Human Services",82,200
yesprograms.org,"Department of State",71,200
prc.gov,"Postal Regulatory Commission",70,200
9-11commission.gov,"National Archives and Records Administration",63,200
opm.gov,"Office of Personnel Management",90,200
fhfaoig.gov,"Federal Housing Finance Agency",78,200
cbca.gov,"General Services Administration",77,200
richmondfed.org,"Federal Reserve Board",92,200
eeoc.gov,"Equal Employment Opportunity Commission",88,200
house.gov,"The Legislative Branch",79,200
pnnl.gov,"Department of Energy",79,200
ellajenkins.com,"Smithsonian Institution",86,200
nehrp.gov,"Department of Commerce",65,200
fcsic.gov,"Farm Credit Administration",75,200
ibwc.gov,"Department of State",83,200
ignet.gov,"Council of Inspectors General on Integrity and Efficiency",55,200
americorpsoig.gov,"Corporation for National and Community Service",69,200
cisa.gov,"Department of Homeland Security",82,200
mrlc.gov,"Department of the Interior",68,200
time.gov,"Department of Commerce",86,200
virginia.gov,"State of Virginia",89,200
usuhs.edu,"Uniformed Services University of the Health Services",75,200
gsa.gov,"General Services Administration",93,200
digitizationguidelines.gov,"Library of Congress",69,200
clintonlibrary.gov,"National Archives and Records Administration",80,200
epa.gov,"Environmental Protection Agency",95,200
driveelectric.gov,"Department of Energy",86,200
response.epa.gov,"U.S. Environmental Protection Agency",73,200
mcc.gov,"Millennium Challenge Corporation",81,200
ustr.gov,"Executive Office of the President",75,200
uspto.gov,"Department of Commerce",99,200
fhlb-of.com,"Interagency Collaboration",86,200
namus.nij.ojp.gov,"U.S. Department of Justice - National Institute of Justice",91,200
amtrakoig.gov,"AMTRAK",74,200
ic3.gov,"Department of Justice",72,200
yes-abroad.org,"Department of State",67,200
usafa.edu,"Department of the Air Force",75,200
womenshealth.gov,"Department of Health and Human Services",85,200
bea.gov,"Department of Commerce",79,200
fdic.gov,"Federal Deposit Insurance Corporation",87,200
mo.gov,"State of Missouri",76,200
wv.gov,"State of West Virginia",81,200
mt.gov,"State of Montana",80,200
reginfo.gov,"General Services Administration",67,200
ttb.gov,"Department of the Treasury",83,200
clevelandfed.org,"Federal Reserve Board",75,200
get.gov,"Department of Homeland Security",87,200
illinois.gov,"State of Illinois",88,200
de.gov,"State of Delaware",85,200
fhlbi.com,"Interagency Collaboration",90,200
lsc.gov,"Legal Services Corporation",81,200
usps.com,"U.S. Postal Service",77,200
majorityleader.gov,"The Legislative Branch",85,200
hispanicheritagemonth.gov,"Library of Congress",78,200
foia.gov,"Department of Justice",77,200
ncpc.gov,"National Capital Planning Commission",77,200
abilityone.gov,"United States AbilityOne",66,200
reaganlibrary.gov,"National Archives and Records Administration",76,200
eftps.gov,"Department of the Treasury",72,200
usbr.gov,"Department of the Interior",64,200
mississippi.gov,"State of Mississippi",75,200
maine.gov,"State of Maine",77,200
cecc.gov,"The Legislative Branch",80,200
coldcaserecords.gov,"Civil Rights Cold Case Records Review Board",87,200
sns.gov,"Department of Energy",66,200
dvidshub.net,"Department of Defense",69,200
cloud.gov,"General Services Administration",92,200
forfeiture.gov,"Department of Justice",80,200
arpa-h.gov,"Department of Health and Human Services",88,200
federalreserve.gov,"Federal Reserve Board of Governors",87,200
leo.gov,"Department of Justice",60,200
farmcreditbank.com,"Farm Credit Administration",91,200
sam.gov,"General Services Administration",80,200
agfirst.com,"Farm Credit Administration",82,200
tox21.gov,"Department of Health and Human Services",83,200
bia.gov,"Department of the Interior",91,200
usap.gov,"National Science Foundation",68,200
earth.gov,"National Aeronautics and Space Administration",92,200
majoritywhip.gov,"The Legislative Branch",85,200
sac.gov,"National Science Foundation",70,200
drought.gov,"Department of Commerce",90,200
alaska.gov,"State of Alaska",66,200
genome.gov,"Department of Health and Human Services",76,200
bpa.gov,"Department of Energy",77,200
dallasfed.org,"Federal Reserve Board",74,200
uscp.gov,"U.S. Capitol Police",80,200
womenshistorymonth.gov,"Library of Congress",76,200
smithsonianchambermusic.org,"Smithsonian Institution",69,200
onetonline.org,"Employment and Training Administration",73,200
uscgboating.org,"U.S. Coast Guard",65,200
intelligencecareers.gov,"Department of Defense",90,200
anchorit.gov,"Consumer Product Safety Commission",90,200
eia.gov,"Department of Energy",,995
osmre.gov,"Department of the Interior",69,200
fmjfee.com,"U.S. Citizenship and Immigration Service",66,200
victorvilleca.gov,"City of Victorville, CA",85,200
banknet.gov,"Department of the Treasury",69,200
cdc.gov,"Department of Health and Human Services",84,200
e2.gov.cwtsatotravel.com,"General Services Administration",72,200
presidentialserviceawards.gov,"Corporation for National and Community Service",73,200
gptx.org,"City of Grand Prairie, TX",92,200
xd.gov,"Department of Commerce",85,200
poolsafely.gov,"Consumer Product Safety Commission",86,200
portal.ct.gov,"State of Connecticut",91,200
invasivespeciesinfo.gov,"U.S. Department of Agriculture",80,200
ms.gov,"State of Mississippi",77,200
digitalvaults.org,"National Archives and Records Administration",75,200
coronaca.gov,"City of Corona, CA",90,200
mesaaz.gov,"City of Mesa, AZ",88,200
cpsc.gov,"Consumer Product Safety Commission",94,200
lcacommons.gov,"U.S. Department of Agriculture",74,200
orangecountyfl.net,"Orange County, FL",71,200
nefl-sega-cfc.org,"Combined Federal Campaign",80,200
traviscountytx.gov,"Travis County, TX",86,200
saferproducts.gov,"Consumer Product Safety Commission",82,200
guilfordcountync.gov,"Guilford County, NC",85,200
portal.ehawaii.gov,"State of Hawaii",98,200
uscc.gov,"U.S.-China Economic and Security Review Commission",79,200
recalls.gov,"Consumer Product Safety Commission",78,200
providenceri.gov,"City of Providence, RI",86,200
intelligence.gov,"Director of National Intelligence",71,200
uscurrency.gov,"Federal Reserve Board of Governors",79,200
wake.gov,"Wake County, NC",89,200
udall.gov,"Morris K. Udall and Stewart L. Udall Foundation",78,200
washoecounty.gov,"Washoe County, NV",77,200
madeinamerica.gov,"General Services Administration",87,200
employeeexpress.gov,"Office of Personnel Management",78,200
odni.gov,"Director of National Intelligence",89,200
frtib.gov,"Federal Retirement Thrift Investment Board",89,200
learnatf.gov,"Department of Justice",69,200
ipp.gov,"Department of the Treasury",86,200
nbrc.gov,"Northern Border Regional Commission",77,200
mn.gov,"State of Minnesota",60,200
riversideca.gov,"City of Riverside, CA",73,200
denvergov.org,"City and County of Denver, CO",91,200
charlottecountyfl.gov,"Charlotte County, FL",80,200
nativeamericanheritagemonth.gov,"Library of Congress",78,200
blackhistorymonth.gov,"Library of Congress",73,200
fec.gov,"Federal Election Commission",96,200
dodstarbase.org,"Department of Defense",88,200
trumplibrary.gov,"National Archives and Records Administration",79,200
fedpartnership.gov,"Federal Reserve Board of Governors",72,200
intel.gov,"Director of National Intelligence",71,200
augustaga.gov,"City of Augusta, GA",77,200
safetyact.gov,"Department of Homeland Security",71,200
bnl.gov,"Department of Energy",65,200
osc.gov,"U.S. Office of Special Counsel",87,200
sgcityutah.gov,"City of St. George, UT",88,200
staffordtx.gov,"City of Stafford, TX",73,200
jcmarketplace.com,"Department of Labor",80,200
slc.gov,"Salt Lake City, UT",91,200
clarksvilletn.gov,"City of Clarksville, TN",73,200
dhs.gov,"Department of Homeland Security",92,200
financialresearch.gov,"Department of the Treasury",85,200
presidio.gov,"Presidio Trust",92,200
arkansas.gov,"State of Arkansas",87,200
laportetx.gov,"City of LaPorte, TX",76,200
concordnh.gov,"City of Concord, NH",75,200
fdicconnect.gov,"Federal Deposit Insurance Corporation",68,200
fai.gov,"General Services Administration",78,200
solanocounty.gov,"County of Solano, CA",81,200
myskillsmyfuture.org,"Employment and Training Administration",77,200
consumer.gov,"Federal Trade Commission",88,200
gsaauctions.gov,"General Services Administration",77,200
southhoustontx.gov,"City of South Houston, TX",77,200
burbankca.gov,"City of Burbank, CA",90,200
epa.maps.arcgis.com,"Environmental Protection Agency",75,200
usna.edu,"United States Naval Academy",75,200
wisconsin.gov,"State of Wisconsin",95,200
pasadenatx.gov,"City of Pasadena, TX",72,200
nih.gov,"Department of Health and Human Services",86,200
walkermi.gov,"City of Grand Rapids, MI",74,200
westutx.gov,"City of West University Place, TX",78,200
murrietaca.gov,"City of Murrieta, CA",77,200
buffalony.gov,"City of Buffalo, NY",79,200
nebraska.gov,"State of Nebraska",93,200
findtreatment.gov,"Department of Health and Human Services",81,200
forestryimages.org,"U.S. Forest Service",72,200
fhlbsf.com,"Interagency Collaboration",79,200
jobcorps.gov,"Department of Labor",77,200
smokefree.gov,"Department of Health and Human Services",84,200
daytonohio.gov,"City of Dayton, OH",75,200
aoc.gov,"Architect of the Capitol",84,200
whitehouse.gov,"Executive Office of the President",96,200
durhamnc.gov,"City of Durham, NC",75,200
lansingmi.gov,"City of Lansing, MI",84,200
scuspd.gov,"The Supreme Court",70,200
nrd.gov,"Department of Defense",79,200
srcity.org,"City of Santa Rosa, CA",73,200
ci.friendswood.tx.us,"City of Friendswood, TX",77,200
govinfo.gov,"Government Publishing Office",84,200
nicic.gov,"Department of Justice",86,200
cooperhewitt.org,"Smithsonian Institution",90,200
trumanlibrary.gov,"National Archives and Records Administration",79,200
geoplatform.gov,"Department of the Interior",73,200
rockfordil.gov,"City of Rockford, IL",73,200
openworld.gov,"Open World Leadership Center",74,200
piedmont.ca.gov,"City of Piedmont, CA",78,200
coronaviruspreventionnetwork.org,"Department of Health and Human Services",84,200
safecom.gov,"Department of the Interior",69,200
fhlbcin.com,"Interagency Collaboration",60,200
cityofmadison.com,"City of Madison, WI",83,200
cstx.gov,"City of College Station, TX",90,200
usich.gov,"United States Interagency Council on Homelessness",85,200
ocwr.gov,"Office of Congressional Workplace Rights",85,200
usagm.gov,"United States Agency for Global Media",82,200
hirevets.gov,"Department of Labor",74,200
mynextmove.org,"Department of Labor",73,200
rcfl.gov,"Department of Justice",84,200
billingsmt.gov,"City of Billings, MT",73,200
shreveportla.gov,"City of Shreveport, LA",74,200
usccr.gov,"U.S. Commission on Civil Rights",96,200
weather.gov,"Department of Commerce",60,200
mymoney.gov,"Department of the Treasury",79,200
syr.gov,"City of Syracuse, NY",90,200
dsac.gov,"Department of Justice",82,200
cfcmaine.org,"Combined Federal Campaign",89,200
sec.gov,"Securities and Exchange Commission",82,200
fbi.gov,"Department of Justice",69,200
dashboard.waterdata.usgs.gov,"United States Geological Survey",70,200
cityofwarren.org,"City of Warren, MI",84,200
assessor.lacounty.gov,"",,995
ziebachcounty.org,"Ziebach County, SD",79,200
hardincountyohio.gov,"Hardin County, OH",78,200
gibsoncounty-in.gov,"Gibson County, IN",82,200
mitchellcounty.iowa.gov,"Mitchell County, IA",81,200
archuletacounty.gov,"Archuleta County, CO",88,200
mercercountyoh.gov,"Mercer County, OH",82,200
cartercountymt.gov,"Carter County, MT",78,200
logancountynd.com,"Logan County, ND",79,200
volusia.org,"Volusia County, FL",75,200
millardcounty.gov,"Millard County, UT",80,200
sou.edu,"Southern Oregon University",94,200
knoxcountyil.gov,"Knox County, IL",72,200
county.pueblo.org,"Pueblo County, CO",67,200
pulaskionline.org,"Pulaski County, IN",71,200
custercountyidaho.org,"Custer County, ID",83,200
cumberlandcounty.virginia.gov,"Cumberland County, VA",78,200
alcorncounty.org,"Alcorn County, MS",83,200
eatoncounty.org,"Eaton County, MI",74,200
upsoncountyga.org,"Upson County, GA",74,200
co.jefferson.wa.us,"Jefferson County, WA",72,200
gloucestercountynj.gov,"Gloucester County, NJ",77,200
washingtoncountyky.com,"Washington County, KY",58,200
madisonparish.org,"Madison Parish, LA",,995
ncsu.edu,"North Carolina State University at Raleigh",81,200
morgancountytn.gov,"Morgan County, TN",86,200
waynecounty.ms,"Wayne County, MS",82,200
lehighcounty.org,"Lehigh County, PA",74,200
hamblencountytn.gov,"Hamblen County, TN",87,200
colesco.illinois.gov,"Coles County, IL",73,200
pottcounty-ia.gov,"Pottawattamie County, IA",80,200
bonnevillecountyidaho.gov,"Bonneville County, ID",71,200
crawfordcountyar.gov,"Crawford County, AR",68,200
columbiacountyor.gov,"Columbia County, OR",67,200
hocomn.gov,"Houston County, MN",79,200
taylorcounty.iowa.gov,"Taylor County, IA",85,200
leflorecounty.ms,"Leflore County, MS",77,200
iowacountywi.gov,"Iowa County, WI",71,200
uww.edu,"University of Wisconsin-Whitewater",75,200
smithsonianmag.com,"Smithsonian Institution",80,200
martin.fl.us,"Martin County, FL",76,200
unioncountytn.gov,"Union County, TN",86,200
eddycountynm.gov,"Eddy County, NM",72,200
lanecountyor.gov,"Lane County, OR",77,200
vercounty.org,"Vermilion County, IL",73,200
bakercountyor.gov,"Baker County, OR",66,200
cpars.gov,"General Services Administration",75,200
acf.gov,"Department of Health and Human Services",81,200
gallatinco.illinois.gov,"Gallatin County, IL",82,200
cambriacountypa.gov,"Cambria County, PA",84,200
neiu.edu,"Northeastern Illinois University",74,200
purdueglobal.edu,"Purdue University Global",85,200
rowancountync.gov,"Rowan County, NC",73,200
jeffersoncountywv.org,"Jefferson County, WV",70,200
audraincounty.org,"Audrain County, MO",84,200
yamhillcounty.gov,"Yamhill County, OR",76,200
fhsu.edu,"Fort Hays State University",82,200
brooklyn.edu,"CUNY Brooklyn College",89,200
stlcc.edu,"Saint Louis Community College",86,200
utah.edu,"University of Utah",79,200
fsu.edu,"Florida State University",87,200
njit.edu,"New Jersey Institute of Technology",82,200
gunnisoncounty.org,"Gunnison County, CO",74,200
memphis.edu,"University of Memphis",79,200
uwstout.edu,"University of Wisconsin-Stout",80,200
utsouthwestern.edu,"University of Texas Southwestern Medical Center",90,200
perrycountyohio.gov,"Perry County, OH",88,200
pikecountyil.org,"Pike County, IL",68,200
cavaliercounty.us,"Cavalier County, ND",77,200
itawamba.gov,"Itawamba County, MS",83,200
ottertailcounty.gov,"Otter Tail County, MN",90,200
callawaycounty.org,"Callaway County, MO",75,200
warrencountymo.org,"Warren County, MO",88,200
webstercountymo.gov,"Webster County, MO",81,200
iberiaparishgovernment.com,"Iberia Parish, LA",87,200
aroostook.me.us,"Aroostook County, ME",66,200
perrycounty.in.gov,"Perry County, IN",73,200
linncomo.com,"Linn County, MO",88,200
browncoil.org,"Brown County, IL",85,200
pendoreille.gov,"Pend Oreille County, WA",84,200
pikecountyohcommissioners.gov,"Pike County, OH",95,200
steubencountyny.gov,"Steuben County, NY",74,200
wtamu.edu,"West Texas A & M University",88,200
uvu.edu,"Utah Valley University",78,200
gqc-ga.org,"Quitman County, GA",70,200
co.ocean.nj.us,"Ocean County, NJ",61,200
malheurco.org,"Malheur County, OR",68,200
cravencountync.gov,"Craven County, NC",73,200
stennis.gov,"Stennis Center for Public Service",,996
bendoregon.gov,"City of Bend, OR",,996
ellago-tx.gov,"City of El Lago, TX",,996
boston.gov,"City of Boston, MA",,996
cityofpasadena.net,"City of Pasadena, CA",,996
altoonawater.gov,"Altoona Water Authority",,996
hudoig.gov,"Department of Housing and Urban Development",,996
nga.gov,"National Gallery of Art",,996
inl.gov,"Department of Energy",,996
ferc.gov,"Federal Energy Regulatory Commission",,996
afthunderbirds.com,"Department of the Air Force",,996
currencyreader.gov,"Library of Congress",,996
marincounty.gov,"Marin County, CA",,996
emergency.marincounty.gov,"",,996
county.milwaukee.gov,"Milwaukee County, WI",,996
putnamcountyny.gov,"Putnam County, NY",,996
daviessky.org,"Daviess County, KY",,996
jackcounty.texas.gov,"Jack County, TX",,996
iaia.edu,"Institute of American Indian and Alaska Native Culture and Arts Development",,996
umich.edu,"University of Michigan-Ann Arbor",,996
senecacountyohio.gov,"Seneca County, OH",,996
polkgovernment.com,"Polk County, TN",,996
radford.edu,"Radford University",,996
lacrossecounty.org,"La Crosse County, WI",,996
brazoscountytx.gov,"Brazos County, TX",,996
guthriecounty.gov,"Guthrie County, IA",,996
vallejo.gov,"City of Vallejo, CA",,996
sandiegocounty.gov,"County of San Diego, CA",,999
countyofcolusaca.gov,"Colusa County, CA",,996
starkcountyohio.gov,"Stark County, OH",,998
ashlandcountywi.gov,"Ashland County, WI",,998
co.jackson.wi.us,"Jackson County, WI",,998
yvcc.edu,"Yakima Valley College",,998
rappahannockcountyva.gov,"Rappahannock County, VA",,998
allendalecounty.com,"Allendale County, SC",,998
dunncountywi.gov,"Dunn County, WI",,998
greensvillecountyva.gov,"Greensville County, VA",,998
calhouncountyar.com,"Calhoun County, AR",,998
catroncounty.us,"Catron County, NM",,998
gatescountync.gov,"Gates County, NC",,998
clearwatercountymn.gov,"Clearwater County, MN",,998
co.cook.mn.us,"Cook County, MN",,998
ruskcounty.org,"Rusk County, WI",,998
cortland.edu,"State University of New York at Cortland",,998
harrisoncountyms.gov,"Harrison County, MS",,998
somersetmd.us,"Somerset County, MD",,998
lincolncountyga.com,"Lincoln County, GA",,998
grimescountytexas.gov,"Grimes County, TX",,998
lincolnky.com,"Lincoln County, KY",,998
schuylkillcountypa.gov,"Schuylkill County, PA",,998
charlottecountyva.gov,"Charlotte County, VA",,998
arapahoeco.gov,"Arapahoe County, CO",,998
leecountync.gov,"Lee County, NC",,998
csudh.edu,"California State University-Dominguez Hills",,998
dtcc.edu,"Delaware Technical Community College-Terry",,998
robertsoncountytn.gov,"Robertson County, TN",,998
co.richland.wi.us,"Richland County, WI",,998
brazosport.edu,"Brazosport College",,998
bladennc.govoffice3.com,"Bladen County, NC",,998
ingham.org,"Ingham County, MI",,998
co.pepin.wi.us,"Pepin County, WI",,998
co.hubbard.mn.us,"Hubbard County, MN",,998
co.ym.mn.gov,"Yellow Medicine County, MN",,998
swiftcounty.gov,"Swift County, MN",,998
olivercountynd.org,"Oliver County, ND",,998
npgov.org,"Natchitoches Parish, LA",,998
josephinecounty.gov,"Josephine County, OR",,998
denaliborough.govoffice.com,"Denali Borough, AK",,998
co.pacific.wa.us,"Pacific County, WA",,998
cnu.edu,"Christopher Newport University",,998
myglades.com,"Glades County, FL",,998
mortonnd.gov,"Morton County, ND",,998
barroncountywi.gov,"Barron County, WI",,998
geneseecountymi.gov,"Genesee County, MI",,998
cherokeecounty.iowa.gov,"Cherokee County, IA",,998
wilkincounty.gov,"Wilkin County, MN",,998
dawsonmt.gov,"Dawson County, MT",,998
wrightcounty.iowa.gov,"Wright County, IA",,998
luzernecounty.org,"Luzerne County, PA",,998
umt.edu,"The University of Montana",,998
peru.edu,"Peru State College",,998
gogebic.gov,"Gogebic County, MI",,998
csc.edu,"Chadron State College",,998
umes.edu,"University of Maryland Eastern Shore",,998
co.jackson.mn.us,"Jackson County, MN",,998
sthelenaparish.la.gov,"Saint Helena Parish, LA",,998
accessesmeralda.com,"Esmeralda County, NV",,998
oneidaid.us,"Oneida County, ID",,998
bentcounty.net,"Bent County, CO",,998
hoodrivercounty.gov,"Hood River County, OR",,998
olympiawa.gov,"City of Olympia, WA",,998
rewardsforjustice.net,"Department of State",,998
grantsolutions.gov,"Department of Health and Human Services",,998
research.fs.usda.gov,"U.S. Department of Agriculture - Forest Service",,998
savingsbond.gov,"Department of the Treasury",,998
together.gov,"Department of Homeland Security",,998
bondpro.gov,"Department of the Treasury",,998
treasurydirect.gov,"Department of the Treasury",,998
fsd.gov,"General Services Administration",,998
medicalcountermeasures.gov,"Department of Health and Human Services",,998
rfj.tips,"Department of State",,998
my.mo.gov,"State of Missouri",,998
hudhomestore.gov,"Department of Housing and Urban Development",,998
slgs.gov,"Department of the Treasury",,998
dfafacts.gov,"U.S. Agency for International Development",,998
juntos.gov,"Department of Homeland Security",,998
cityofsparks.us,"City of Sparks, NV",,998
max.gov,"Executive Office of the President",,998
treasuryauctions.gov,"Department of the Treasury",,998
taaps.gov,"Department of the Treasury",,998
nv.gov,"State of Nevada",,998
jimmycarterlibrary.gov,"National Archives and Records Administration",,998
emsa.ca.gov,"State of California",,998
co.marquette.mi.us,"Marquette County, MI",,998
vancecounty.org,"Vance County, NC",,998
rutherfordcountytn.gov,"Rutherford County, TN",,998
lakecountyor.org,"Lake County, OR",,998
livingstonparishla.gov,"Livingston Parish, LA",,998
unioncoms.com,"Union County, MS",,998
dunncountynd.gov,"Dunn County, ND",,998
chowancounty-nc.gov,"Chowan County, NC",,998
steelecountynd.gov,"Steele County, ND",,998
bellcountytx.com,"Bell County, TX",,998
mctx.org,"Montgomery County, TX",,998
polkcountywi.gov,"Polk County, WI",,998
halecounty.org,"Hale County, TX",,998
hamiltoncounty.iowa.gov,"Hamilton County, IA",,998
washingtoncounty.in.gov,"Washington County, IN",,998
seminolecountyfl.gov,"Seminole County, FL",,998
jacksoncountyok.com,"Jackson County, OK",,998
wa.gov,"State of Washington",,998
carlislecountyky.com,"Carlisle County, KY",,998
starkcountynd.gov,"Stark County, ND",,998
co.wabasha.mn.us,"Wabasha County, MN",,998
co.somerset.pa.us,"Somerset County, PA",,998
crookcounty.wy.gov,"Crook County, WY",,998
bisgreengovprd.wpenginepowered.com,"Greene County, TN",,998
coastal.edu,"",,998
broward.org,"Broward County, FL",,998
carrollcountymd.gov,"Carroll County, MD",,998
indianriver.gov,"Indian River County, FL",,998
fgdc.gov,"Department of the Interior",,998
vote.gov,"General Services Administration",,998
sciencebase.gov,"Department of the Interior",,998
waterqualitydata.us,"Department of Interior",,998
trainex.org,"Environmental Protection Agency",,998
co.alleghany.va.us,"Alleghany County, VA",,997
johnsoncounty.in.gov,"Johnson County, IN",,997
sullivancounty.in.gov,"Sullivan County, IN",,997
vigocounty.in.gov,"Vigo County, IN",,997
pvamu.edu,"Prairie View A & M University",,997
salemcountynj.gov,"Salem County, NJ",,997
nelsoncountyky.gov,"Nelson County, KY",,997
bourboncountyks.org,"Bourbon County, KS",,997
dearborncounty.org,"Dearborn County, IN",,997
countyofamherst.com,"Amherst County, VA",,997
montgomerycounty.in.gov,"Montgomery County, IN",,997
phelpscounty.org,"Phelps County, MO",,997
kosciusko.in.gov,"Kosciusko County, IN",,997
pikecounty.in.gov,"Pike County, IN",,997
waynecountyga.us,"Wayne County, GA",,997
morgancounty.in.gov,"Morgan County, IN",,997
evansvillegov.org,"Vanderburgh County, IN",,997
douglas.co.us,"Douglas County, CO",,997
fountaincounty.net,"Fountain County, IN",,997
rankincounty.org,"Rankin County, MS",,997
owencounty.in.gov,"Owen County, IN",,997
algercounty.gov,"Alger County, MI",,997
campbellcountyky.gov,"Campbell County, KY",,997
newtoncounty.in.gov,"Newton County, IN",,997
maui.hawaii.edu,"University of Hawaii Maui College",,997
huntington.in.us,"Huntington County, IN",,997
whitleycounty.in.gov,"Whitley County, IN",,997
co.greene.in.us,"Greene County, IN",,997
lubbockcounty.gov,"Lubbock County, TX",,997
lagrangecounty.org,"LaGrange County, IN",,997
conservation.gov,"Department of the Interior",,997
marinecadastre.gov,"Department of Commerce",,997
neh.gov,"National Endowment for the Humanities",,997
arts.gov,"National Endowment for the Arts",,997
criticalminerals.gov,"Department of the Interior",,997
patersonnj.gov,"City of Paterson, NJ",,997
gao.gov,"Government Accountability Office",,997
dfpi.ca.gov,"State of California",,997
tiptongov.com,"Tipton County, IN",,997
co.dekalb.in.us,"DeKalb County, IN",,997
co.marshall.in.us,"Marshall County, IN",,997
mitigationcommission.gov,"Department of the Interior",,997
co.walker.tx.us,"Walker County, TX",,997
co.hendricks.in.us,"Hendricks County, IN",,997
hydecountync.gov,"Hyde County, NC",,403
lorainccc.edu,"Lorain County Community College",,408
jmu.edu,"",,404
co.hardin.oh.us,"Hardin County, OH",,408
yumacounty.net,"Yuma County, CO",,404
graysoncountyky.gov,"Grayson County, KY",,404
co.houston.mn.us,"Houston County, MN",,408
cartercountymontana.squarespace.com,"Carter County, MT",,404
ualr.edu,"",,404
uprp.edu,"University of Puerto Rico at Ponce",,408
energycodes.gov,"Department of Energy",,404
mcleancounty.ky.gov,"McLean County, KY",,403
decaturcountyiowa.gov,"Decatur County, IA",,403
bellairetx.gov,"City of Bellaire, TX",,408
lhc.ca.gov,"State of California",,403
chicoer.com,"",,403
palegis.us,"",,408
tcnj.edu,"The College of New Jersey",,403
gc.cuny.edu,"CUNY Graduate School and University Center",,403
co.montgomery.ny.us,"Montgomery County, NY",,503
northamptoncounty.org,"Northampton County, PA",,408
gov.perrycountytn.com,"Perry County, TN",,403
mst.edu,"Missouri University of Science and Technology",,408
personcountync.gov,"Person County, NC",,403
apachecountyaz.gov,"Apache County, AZ",,403
musselshellcounty.org,"Musselshell County, MT",,403
franklincoms.weebly.com,"Franklin County, MS",,404
co.greene.ia.us,"Greene County, IA",,403
wilsoncountync.gov,"Wilson County, NC",,403
mccookcountysd.com,"McCook County, SD",,408
worcester.edu,"Worcester State University",,408
laredo.edu,"",,404
adacounty.id.gov,"Ada County, ID",,403
chattanooga.gov,"City of Chattanooga, TN",,403
ohio.gov,"State of Ohio",,404
morriscountyks.org,"Morris County, KS",,996
portagecounty-oh.gov,"Portage County, OH",,996
highlandcova.org,"Highland County, VA",,996
wlac.edu,"West Los Angeles College",,403
yakutatak.us,"Yakutat, AK",,996
deltacountytx.com,"Delta County, TX",,996
usmma.edu,"United States Merchant Marine Academy",,403
claycountyillinois.org,"Clay County, IL",,403
grahamcountyks.com,"Graham County, KS",,996
yolocounty.gov,"Yolo County, CA",,403
suno.edu,"Southern University at New Orleans",,403
wichitacountytx.com,"Wichita County, TX",,996
wilkescountyga.org,"Wilkes County, GA",,996
mercercounty.ky.gov,"Mercer County, KY",,404
ucmerced.edu,"University of California-Merced",,403
sulc.edu,"Southern University Law Center",,403
glenville.edu,"Glenville State University",,996
co.waushara.wi.us,"Waushara County, WI",,996
haskellcounty.org,"Haskell County, KS",,996
ccny.cuny.edu,"CUNY City College",,996
subr.edu,"Southern University and A & M College",,403
kearnycountykansas.com,"Kearny County, KS",,996
worthcountyboc.com,"Worth County, GA",,996
princegeorgescountymd.gov,"Prince George's County, MD",,403
bakercountyfl.org,"Baker County, FL",,996
baltimorecountymd.gov,"Baltimore County, MD",,403
santacruzcountyaz.gov,"Santa Cruz County, AZ",,996
dorchestercountysc.gov,"Dorchester County, SC",,403
jonescountyms.com,"Jones County, MS",,996
riograndecounty.colorado.gov,"Rio Grande County, CO",,403
wheelercounty.org,"Wheeler County, GA",,996
racinecounty.com,"Racine County, WI",,403
sanbenitocountyca.gov,"San Benito County, CA",,403
deltastate.edu,"Delta State University",,996
rockinghamcountync.gov,"Rockingham County, NC",,996
osuit.edu,"Oklahoma State University Institute of Technology",,996
washingtoncounty.colorado.gov,"Washington County, CO",,403
kershaw.sc.gov,"Kershaw County, SC",,403
rabuncounty.ga.gov,"Rabun County, GA",,996
marionfl.org,"Marion County, FL",,403
johnsonco.org,"Johnson County, GA",,996
suttercounty.org,"Sutter County, CA",,403
middlesexcountynj.gov,"Middlesex County, NJ",,403
powellcountymt.gov,"Powell County, MT",,996
brockport.edu,"SUNY Brockport",,403
countyofglenn.net,"Glenn County, CA",,996
ioniacounty.org,"Ionia County, MI",,403
bellevuecollege.edu,"Bellevue College",,996
washingtoncountyks.gov,"Washington County, KS",,403
co.lincoln.wi.us,"Lincoln County, WI",,996
costillacounty.gov,"Costilla County, CO",,996
okeechobeecountyfl.gov,"Okeechobee County, FL",,403
stantoncountyks.com,"Stanton County, KS",,996
sedgwickcounty.colorado.gov,"Sedgwick County, CO",,403
bedfordcountyva.gov,"Bedford County, VA",,403
saguachecounty.colorado.gov,"Saguache County, CO",,403
hartcountyga.gov,"Hart County, GA",,403
mercercounty.org,"Mercer County, NJ",,403
montcoga.gov,"Montgomery County, GA",,996
talbotcountyga.org,"Talbot County, GA",,996
stcharlesparish.gov,"St. Charles Parish, LA",,403
opsu.edu,"Oklahoma Panhandle State University",,403
calcasieu.gov,"Calcasieu Parish, LA",,403
skagway.org,"Skagway, AK",,996
marathoncounty.gov,"Marathon County, WI",,403
gadsdencountyfl.gov,"Gadsden County, FL",,403
currycountynm.gov,"Curry County, NM",,403
lincolncountyid.gov,"Lincoln County, ID",,996
southmountaincc.edu,"South Mountain Community College",,996
washingtoncountyar.gov,"Washington County, AR",,403
laruecountyky.gov,"Larue County, KY",,996
lasanimascounty.colorado.gov,"Las Animas County, CO",,403
stlucieco.gov,"Saint Lucie County, FL",,403
reevescounty.org,"Reeves County, TX",,403
dolocnty.colorado.gov,"Dolores County, CO",,403
maderacounty.com,"Madera County, CA",,403
appj.org,"Acadia Parish, LA",,403
elkhartcounty.com,"Elkhart County, IN",,996
co.monroe.wi.us,"Monroe County, WI",,403
clarkecounty.gov,"Clarke County, VA",,996
forsythco.com,"Forsyth County, GA",,403
logancounty.colorado.gov,"Logan County, CO",,403
unioncountyky.org,"Union County, KY",,403
medicine.okstate.edu,"Oklahoma State University Center for Health Sciences",,996
darenc.gov,"Dare County, NC",,403
gfcounty.nd.gov,"Grand Forks County, ND",,403
pocahontascounty.iowa.gov,"Pocahontas County, IA",,403
bryancountyga.gov,"Bryan County, GA",,403
carrollcountyiowa.gov,"Carroll County, IA",,996
chathamcountync.gov,"Chatham County, NC",,403
boisecounty.us,"Boise County, ID",,996
sheboygancounty.com,"Sheboygan County, WI",,403
lavc.edu,"Los Angeles Valley College",,403
mchenrycountyil.gov,"McHenry County, IL",,403
graham.az.gov,"Graham County, AZ",,996
gilpincounty.colorado.gov,"Gilpin County, CO",,403
lincolncounty.colorado.gov,"Lincoln County, CO",,403
sjcounty.net,"San Juan County, NM",,403
catoosa.com,"Catoosa County, GA",,403
cmi.edu,"College of the Marshall Islands",,996
mendocinocounty.gov,"Mendocino County, CA",,403
kendallcountyil.gov,"Kendall County, IL",,403
brazoriacountytx.gov,"Brazoria County, TX",,403
pinal.gov,"Pinal County, AZ",,996
countyofmonterey.gov,"Monterey County, CA",,403
casscountynd.gov,"Cass County, ND",,403
web.culpepercounty.gov,"Culpeper County, VA",,996
ncstatecollege.edu,"North Central State College",,403
gallatinky.org,"Gallatin County, KY",,403
jeffersoncountyar.gov,"Jefferson County, AR",,403
countyofmora.com,"Mora County, NM",,996
kiowacounty.colorado.gov,"Kiowa County, CO",,403
fcva.us,"Frederick County, VA",,403
chavescounty.gov,"Chaves County, NM",,403
hcnj.us,"Hudson County, NJ",,403
lamission.edu,"Los Angeles Mission College",,403
sanjuancounty.colorado.gov,"San Juan County, CO",,403
carvercountymn.gov,"Carver County, MN",,403
hinsdalecounty.colorado.gov,"Hinsdale County, CO",,403
shastacounty.gov,"Shasta County, CA",,996
crowleycounty.colorado.gov,"Crowley County, CO",,403
mineralcountycolorado.com,"Mineral County, CO",,996
allegancounty.org,"Allegan County, MI",,403
emich.edu,"Eastern Michigan University",,996
eurekacountynv.gov,"Eureka County, NV",,996
conejoscounty.colorado.gov,"Conejos County, CO",,403
oterocounty.colorado.gov,"Otero County, CO",,403
morgancounty.colorado.gov,"Morgan County, CO",,403
hardincountyia.gov,"Hardin County, IA",,996
lafayettecountywi.org,"Lafayette County, WI",,996
polkcountyiowa.gov,"Polk County, IA",,403
atlantic-county.org,"Atlantic County, NJ",,403
gccaz.edu,"Glendale Community College",,996
uth.edu,"The University of Texas Health Science Center at Houston",,996
countyofkingsca.gov,"Kings County, CA",,403
whatcom.edu,"Whatcom Community College",,403
passaiccountynj.org,"Passaic County, NJ",,403
clintoncountypa.gov,"Clinton County, PA",,403
co.augusta.va.us,"Augusta County, VA",,403
sequatchiecountytn.gov,"Sequatchie County, TN",,403
lincolnarkansas.com,"Lincoln County, AR",,996
tjc.edu,"Tyler Junior College",,403
fresnocitycollege.edu,"Fresno City College",,403
grayco.org,"Gray County, KS",,996
stevenscountywa.gov,"Stevens County, WA",,996
douglascounty-ne.gov,"Douglas County, NE",,403
washco.utah.gov,"Washington County, UT",,403
moffatcounty.colorado.gov,"Moffat County, CO",,403
charlescountymd.gov,"Charles County, MD",,403
hancockcounty-il.gov,"Hancock County, IL",,403
rsu.edu,"Rogers State University",,403
hawaiicounty.gov,"Hawaiʻi County, HI",,403
somersetcountynj.gov,"Somerset County, NJ",,403
okstate.edu,"Oklahoma State University-Main Campus",,996
kitcarsoncounty.colorado.gov,"Kit Carson County, CO",,403
adamscountyil.gov,"Adams County, IL",,403
bernco.gov,"Bernalillo County, NM",,403
umdearborn.edu,"University of Michigan-Dearborn",,996
mesacc.edu,"Mesa Community College",,996
phillipscounty.colorado.gov,"Phillips County, CO",,403
scottsdalecc.edu,"Scottsdale Community College",,996
stewartcountyga.gov,"Stewart County, GA",,403
nuecesco.com,"Nueces County, TX",,403
perquimanscountync.gov,"Perquimans County, NC",,403
cor.net,"City of Richardson, TX",,403
dietaryguidelines.gov,"U.S. Department of Agriculture",,403
santaclaraca.gov,"City of Santa Clara, CA",,403
newarkca.gov,"City of Newark, CA",,403
michigan.gov,"State of Michigan",,403
unioncountync.gov,"Union County, NC",,403
stopbullying.gov,"Department of Health and Human Services",,403
usmarshals.gov,"Department of Justice",,403
organdonor.gov,"Department of Health and Human Services",,403
foodsafety.gov,"Department of Health and Human Services",,403
hrsa.gov,"Department of Health and Human Services",,403
salmonrecovery.gov,"Department of the Interior",,408
uscourts.gov,"U.S. Courts",,403
lacity.gov,"City of Los Angeles, CA",,403
chicago.gov,"City of Chicago, IL",,403
cbo.gov,"Congressional Budget Office",,403
oup.org,"Department of Housing and Urban Development",,403
airdefenseartillery.com,"Department of Defense",,403
kcmo.gov,"City of Kansas City, MO",,403
cityofkaty.com,"City of Katy, TX",,403
osac.gov,"Department of State",,403
justthinktwice.gov,"Department of Justice",,403
buckeyeaz.gov,"City of Buckeye, AZ",,403
fns.usda.gov,"",,403
rd.usda.gov,"",,403
joincalfire.com,"",,403
travel.state.gov,"",,403
makeitparadise.org,"",,996
sdsheriff.gov,"",,403
puc.colorado.gov,"Colorado Governor's Office of Information Technology",,403
lovelafayette.org,"",,403
cityofranchocordova.org,"City of Rancho Cordova",,403
kerncounty.com,"Kern County, CA",,403
mass.gov,"State of Massachusetts",,403
ci.staunton.va.us,"Staunton, VA",,403
lyoncountymn.gov,"Lyon County, MN",,403
debaca.nmgenweb.us,"De Baca County, NM",,403
scgov.net,"Sarasota County, FL",,403
fdlco.wi.gov,"Fond du Lac County, WI",,403
fauquiercounty.gov,"Fauquier County, VA",,403
tregocountyks.gov,"Trego County, KS",,996
carsoncity.gov,"Carson City, NV",,403
crispcounty.com,"Crisp County, GA",,408
mcmo.us,"Montgomery County, MO",,408
jenningscounty-in.gov,"Jennings County, IN",,408
lee.ga.us,"Lee County, GA",,408
brookscountyga.gov,"Brooks County, GA",,408
winneshiekcounty.iowa.gov,"Winneshiek County, IA",,503
thomascountyboc.org,"Thomas County, GA",,408
potomacstatecollege.edu,"Potomac State College of West Virginia University",,403
glaciercountymt.gov,"Glacier County, MT",,996
mackinaccounty.net,"Mackinac County, MI",,403
buttecountyid.us,"Butte County, ID",,996
dickinsoncountyiowa.gov,"Dickinson County, IA",,996
jacksoncounty.colorado.gov,"Jackson County, CO",,403
govecountyks.gov,"Gove County, KS",,996
paloaltocounty.iowa.gov,"Palo Alto County, IA",,996
jeffersoncounty.iowa.gov,"Jefferson County, IA",,996
alleganyco.gov,"Allegany County, NY",,996
hancockcountymaine.gov,"Hancock County, ME",,996
pikecountyar.org,"Pike County, AR",,996
montgomerycounty.ky.gov,"Montgomery County, KY",,996
hotspringcounty.org,"Hot Spring County, AR",,996
winnparishpolicejury.com,"Winn Parish, LA",,996
searcyco.org,"Searcy County, AR",,996
grantcountyar.com,"Grant County, AR",,996
edgefieldcounty.sc.gov,"Edgefield County, SC",,996
madisoncountyky.gov,"Madison County, KY",,996
somersetcounty-me.org,"Somerset County, ME",,996
mcdowellcountycommission.com,"McDowell County, WV",,996
williamsoncountyil.gov,"Williamson County, IL",,996
henrycountytn.org,"Henry County, TN",,503
unioncountyil.gov,"Union County, IL",,996
jacksoncountyar.com,"Jackson County, AR",,996
perrycountyil.gov,"Perry County, IL",,996
raleighcounty.gov,"Raleigh County, WV",,996
knottcountyky.gov,"Knott County, KY",,996
piscataquis.us,"Piscataquis County, ME",,996
miottawa.org,"Ottawa County, MI",,996
cometocrawford.com,"Crawford County, IN",,996
frcog.org,"Franklin County, MA",,996
bradleycountytn.gov,"Bradley County, TN",,996
mcclain-co-ok.us,"McClain County, OK",,996
branchcounty.gov,"Branch County, MI",,996
millercountyar.gov,"Miller County, AR",,996
perrycountyky.gov,"Perry County, KY",,996
majorcountyok.org,"Major County, OK",,996
sumnercountytn.gov,"Sumner County, TN",,996
scottcounty.com,"Scott County, TN",,996
hempsteadcountyar.com,"Hempstead County, AR",,996
mitchellcountync.gov,"Mitchell County, NC",,996
virginiasmtnplayground.com,"Giles County, VA",,996
quitmancountyms.org,"Quitman County, MS",,996
plymouthcountyiowa.gov,"Plymouth County, IA",,996
wcsu.edu,"Western Connecticut State University",,403
sjcindiana.gov,"Saint Joseph County, IN",,996
evangelineparishpolicejury.com,"Evangeline Parish, LA",,996
tmcc.edu,"Truckee Meadows Community College",,996
evergreen.edu,"The Evergreen State College",,996
atkinsoncounty.org,"Atkinson County, GA",,996
pct.edu,"Pennsylvania College of Technology",,996
ucsc.edu,"University of California-Santa Cruz",,996
obriencounty.iowa.gov,"O'Brien County, IA",,996
newbrunswick.rutgers.edu,"Rutgers University-New Brunswick",,996
dekalbcounty.org,"DeKalb County, IL",,996
csusm.edu,"California State University-San Marcos",,408
nwosu.edu,"Northwestern Oklahoma State University",,403
renocountyks.gov,"Reno County, KS",,996
siouxcountyia.gov,"Sioux County, IA",,996
cmpr.edu,"Puerto Rico Conservatory of Music",,996
wvu.edu,"West Virginia University",,403
capecounty.us,"Cape Girardeau County, MO",,996
stephenscountyga.gov,"Stephens County, GA",,996
morrisville.edu,"SUNY Morrisville",,996
co.buchanan.mo.us,"Buchanan County, MO",,996
shermancountyks.gov,"Sherman County, KS",,996
keene.edu,"Keene State College",,996
garfieldcountywa.gov,"Garfield County, WA",,996
wvutech.edu,"West Virginia University Institute of Technology",,403
guernseycounty.org,"Guernsey County, OH",,996
co.knox.oh.us,"Knox County, OH",,996
uc.edu,"University of Cincinnati-Main Campus",,408
chaffeecounty.org,"Chaffee County, CO",,996
gcsu.edu,"Georgia College & State University",,996
milivcounty.gov,"Livingston County, MI",,996
olc.edu,"Oglala Lakota College",,996
calstatela.edu,"California State University-Los Angeles",,996
bsu.edu,"Ball State University",,403
pawneecountykansas.com,"Pawnee County, KS",,996
eaglecounty.us,"Eagle County, CO",,996
clinchcountyga.gov,"Clinch County, GA",,996
emmetcountyia.gov,"Emmet County, IA",,996
cncc.edu,"Colorado Northwestern Community College",,996
minnehahacounty.gov,"Minnehaha County, SD",,996
iosco.net,"Iosco County, MI",,996
fredonia.edu,"SUNY at Fredonia",,996
popecountymn.gov,"Pope County, MN",,996
decaturcounty.in.gov,"Decatur County, IN",,403
iup.edu,"Indiana University of Pennsylvania-Main Campus",,996
unt.edu,"University of North Texas",,996
medinaco.org,"Medina County, OH",,996
christiancountyil.gov,"Christian County, IL",,996
commonwealthu.edu,"Commonwealth University of Pennsylvania",,996
everettcc.edu,"Everett Community College",,996
toombscountyga.gov,"Toombs County, GA",,403
hickorycomo.net,"Hickory County, MO",,996
polk.edu,"Polk State College",,996
batestech.edu,"Bates Technical College",,996
co.taylor.wi.us,"Taylor County, WI",,996
johnsoncounty.arkansas.gov,"Johnson County, AR",,996
zanestate.edu,"Zane State College",,996
larimer.gov,"Larimer County, CO",,996
osceolacountyia.gov,"Osceola County, IA",,996
gasconadecounty.org,"Gasconade County, MO",,996
co.nobles.mn.us,"Nobles County, MN",,996
itis.gov,"Smithsonian Institution",,408
ftb.ca.gov,"",,403
rookscountyks.gov,"Rooks County, KS",,996
gladwincounty-mi.gov,"Gladwin County, MI",,996
upstate.edu,"Upstate Medical University",,996
sonoma.edu,"Sonoma State University",,996
fire.ca.gov,"State of California",,403
osfm.fire.ca.gov,"State of California",,403
bof.fire.ca.gov,"State of California",,403
pinellastaxcollector.gov,"",,403
douglascountyor.gov,"Douglas County, OR",,996
gatewaycc.edu,"GateWay Community College",,996
payettecounty.org,"Payette County, ID",,996
clarkcountyks.com,"Clark County, KS",,996
glascockcountyga.com,"Glascock County, GA",,996
umassmed.edu,"University of Massachusetts Chan Medical School",,996
stclaircomo.com,"St. Clair County, MO",,996
riosalado.edu,"Rio Salado College",,996
unioncounty-fl.gov,"Union County, FL",,996
brevardfl.gov,"Brevard County, FL",,996
mhcc.edu,"Mt Hood Community College",,996
phoenixcollege.edu,"Phoenix College",,996
louisvilleky.gov,"Jefferson County, KY",,996
yumacountyaz.gov,"",,403
tularecounty.ca.gov,"",,996
paradisevalley.edu,"",,996
rocklandcountyny.gov,"",,403
warrencountynj.gov,"",,403
skamaniacounty.org,"Skamania County, WA",,403
galvestoncountytx.gov,"Galveston County, TX",,403
montgomerycountyia.gov,"Montgomery County, IA",,996
johnsoncountytx.org,"Johnson County, TX",,403
hainesalaska.gov,"Haines Borough, AK",,996
linncountyor.gov,"Linn County, OR",,996
leecounty.org,"Lee County, IA",,996
osuokc.edu,"Oklahoma State University-Oklahoma City",,996
uco.edu,"University of Central Oklahoma",,403
co.rock.wi.us,"Rock County, WI",,403
carlsbadca.gov,"City of Carlsbad, CA",,403
regulations.gov,"General Services Administration",,403
campusdrugprevention.gov,"Department of Justice",,403
mbda.gov,"Department of Commerce",,996
americorps.gov,"Corporation for National and Community Service",,403
elcajon.gov,"City of El Cajon, CA",,403
bha.colorado.gov,"Colorado Behavioral Health Administration",,403
fcc.gov,"Federal Communications Commission",,403
springfieldmo.gov,"City of Springfield, MO",,996
pearlandtx.gov,"City of Pearland, TX",,403
myplate.gov,"U.S. Department of Agriculture",,403
cityoforange.org,"City of Orange, CA",,403
jacksonms.gov,"City of Jackson, MS",,996
usda.gov,"U.S. Department of Agriculture",,403
eda.gov,"Department of Commerce",,996
investor.gov,"Securities and Exchange Commission",,403
lascruces.gov,"City of Las Cruces, NM",,996
nhtsa.gov,"Department of Transportation",,403
fremontpolice.gov,"City of Fremont, CA",,403
trafficsafetymarketing.gov,"Department of Transportation",,403
cityoffullerton.com,"City of Fullerton, CA",,403
fnal.gov,"Department of Energy",,996
stamfordct.gov,"City of Stamford, CT",,403
chulavistaca.gov,"City of Chula Vista, CA",,403
cityofhenderson.com,"City of Henderson, NV",,403
osha.gov,"Department of Labor",,403
dea.gov,"Department of Justice",,403
goodyearaz.gov,"City of Goodyear, AZ",,403
commerce.gov,"Department of Commerce",,996
fishersin.gov,"City of Fishers, IN",,996
rural.gov,"U.S. Department of Agriculture",,403
useuosh.org,"Department of Labor",,996
raleighnc.gov,"City of Raleigh, NC",,996
greensboro-nc.gov,"City of Greensboro, NC",,403
avondaleaz.gov,"City of Avondale, AZ",,403
atf.gov,"Department of Justice",,403
usitc.gov,"United States International Trade Commission",,403
cmts.gov,"Department of Defense",,403
stlouiscountymo.gov,"St. Louis County, MO",,996
az.gov,"State of Arizona",,996
colorado.gov,"State of Colorado",,403
newbedford-ma.gov,"City of New Bedford, MA",,996
heat.gov,"Department of Commerce",,403
dnfsb.gov,"Defense Nuclear Facilities Safety Board",,403
arm.gov,"Department of Energy",,403
usembassy.gov,"Department of State",,403
state.gov,"Department of State",,403
faa.gov,"Department of Transportation",,403
cityofmonongahela-pa.gov,"City of Monongahela, Pennsylvania",,996
whistleblowers.gov,"Department of Labor",,403
ssa.gov,"Social Security Administration",,403
albemarle.org,"Albemarle County, VA",,403
tempe.gov,"City of Tempe, AZ",,403
getinternet.gov,"Federal Communications Commission",,403
pomonaca.gov,"City of Pomona, CA",,403
fremont.gov,"City of Fremont, CA",,403
yumaaz.gov,"City of Yuma, AZ",,403
dvbic.org,"Department of Defense",,403
cityofcarrollton.com,"City of Carrollton, TX",,403
nsa.gov,"Department of Defense",,403
hhs.gov,"Department of Health and Human Services",,403
detroitmi.gov,"City of Detroit, MI",,996
congress.gov,"",,996
semo.edu,"Southeast Missouri State University",,408
russellcountyky.gov,"Russell County, KY",,500
bellcounty.ky.gov,"Bell County, KY",,502
webstercountyia.gov,"Webster County, IA",,403